edad,ingresos_mensuales,antiguedad_laboral,tipo_empleo,monto_prestamo,plazo_meses,historial_crediticio,num_creditos_activos,deuda_actual,tiene_vivienda_propia,ratio_cuota_ingreso,default
25,2715.0,26,Independiente,7673.0,24,Malo,1,3499.0,1,0.118,1
58,2518.0,0,Formal,2368.0,48,Bueno,5,358.0,0,0.02,0
53,3249.0,11,Formal,7841.0,48,Bueno,4,3589.0,0,0.05,0
42,3179.0,24,Formal,9958.0,36,Regular,0,3327.0,1,0.087,1
42,3730.0,20,Formal,12332.0,60,Malo,2,5285.0,0,0.055,0
63,4886.0,9,Formal,8227.0,24,Bueno,1,850.0,0,0.07,0
25,3948.0,26,Formal,9235.0,12,Bueno,2,2364.0,0,0.195,0
55,5458.0,4,Formal,16408.0,48,Regular,0,6849.0,0,0.063,0
30,3629.0,20,Formal,11409.0,36,Bueno,1,4649.0,1,0.087,0
25,7382.0,15,Formal,5938.0,24,Regular,3,5974.0,0,0.034,0
46,5408.0,6,Independiente,6390.0,12,Regular,3,4495.0,0,0.098,0
68,4430.0,27,Formal,13060.0,12,Malo,5,7695.0,0,0.246,1
57,4892.0,22,Formal,8133.0,12,Bueno,5,2873.0,0,0.139,0
58,3282.0,0,Formal,7467.0,24,Malo,2,887.0,1,0.095,0
56,3707.0,2,Formal,5830.0,60,Regular,4,6358.0,0,0.026,1
59,3653.0,1,Independiente,12786.0,24,Malo,5,5323.0,1,0.146,1
46,3019.0,12,Informal,4270.0,48,Bueno,2,1288.0,1,0.029,0
27,2354.0,12,Formal,5320.0,12,Regular,2,3632.0,0,0.188,0
62,4993.0,21,Formal,12764.0,24,Regular,3,2268.0,0,0.107,1
43,5788.0,20,Formal,12678.0,60,Regular,5,8621.0,0,0.037,1
45,4724.0,0,Formal,21886.0,24,Bueno,4,5345.0,0,0.193,0
39,3944.0,14,Informal,6779.0,24,Bueno,5,3426.0,1,0.072,0
29,8681.0,23,Independiente,5883.0,48,Bueno,4,14502.0,0,0.014,0
66,3146.0,26,Independiente,6232.0,12,Bueno,1,4583.0,0,0.165,0
59,4487.0,8,Informal,2550.0,12,Regular,1,1049.0,0,0.047,1
52,6108.0,1,Independiente,1788.0,60,Malo,5,7757.0,1,0.005,1
40,2618.0,4,Formal,8211.0,36,Regular,2,3720.0,1,0.087,1
61,5139.0,10,Independiente,5625.0,36,Bueno,1,5006.0,1,0.03,0
47,7574.0,13,Independiente,4451.0,12,Bueno,1,3764.0,0,0.049,0
42,4068.0,10,Formal,7407.0,24,Bueno,2,1717.0,0,0.076,1
43,4335.0,2,Independiente,8320.0,36,Bueno,3,7601.0,0,0.053,1
32,3153.0,10,Formal,6511.0,36,Regular,1,2479.0,1,0.057,0
25,4871.0,8,Formal,6609.0,24,Bueno,1,4549.0,0,0.057,0
48,2991.0,14,Independiente,5587.0,48,Bueno,2,3220.0,0,0.039,0
64,3976.0,2,Formal,10377.0,48,Regular,1,720.0,0,0.054,1
24,2243.0,23,Formal,5106.0,36,Bueno,5,328.0,1,0.063,0
63,1346.0,12,Formal,3900.0,36,Bueno,0,480.0,0,0.08,0
61,3392.0,9,Independiente,5450.0,36,Bueno,4,399.0,0,0.045,0
34,3371.0,27,Informal,8004.0,48,Bueno,1,5452.0,0,0.049,0
51,3503.0,22,Independiente,10726.0,12,Regular,3,933.0,0,0.255,1
29,5345.0,4,Independiente,18185.0,48,Bueno,1,2180.0,1,0.071,0
58,5850.0,4,Formal,7428.0,36,Regular,5,5658.0,1,0.035,1
55,4558.0,0,Independiente,15664.0,60,Bueno,5,7353.0,1,0.057,0
38,5202.0,16,Formal,4855.0,60,Bueno,2,459.0,1,0.016,1
24,3024.0,10,Formal,4359.0,12,Regular,0,1176.0,1,0.12,0
68,2749.0,11,Independiente,9003.0,24,Bueno,1,3550.0,0,0.136,1
42,4909.0,15,Formal,9754.0,36,Bueno,4,4588.0,1,0.055,0
64,2605.0,16,Informal,7854.0,36,Bueno,4,2788.0,0,0.084,1
54,2495.0,0,Formal,27009.0,48,Bueno,0,76.0,1,0.226,0
59,10510.0,3,Independiente,5016.0,12,Bueno,0,16398.0,1,0.04,0
58,4167.0,23,Formal,14042.0,36,Malo,2,4341.0,1,0.094,1
30,3372.0,28,Independiente,4430.0,60,Bueno,4,5064.0,1,0.022,0
38,3227.0,25,Independiente,10186.0,60,Bueno,4,5598.0,0,0.053,1
43,2267.0,27,Formal,7248.0,12,Bueno,0,2988.0,0,0.266,0
45,4522.0,13,Informal,8160.0,60,Bueno,5,252.0,0,0.03,0
23,3626.0,24,Independiente,9056.0,12,Regular,1,4644.0,0,0.208,1
47,5786.0,26,Formal,7400.0,36,Regular,1,5868.0,1,0.036,1
28,4967.0,26,Independiente,6595.0,24,Malo,2,926.0,0,0.055,0
57,3579.0,4,Formal,2210.0,36,Bueno,4,1742.0,1,0.017,0
54,1792.0,4,Independiente,11662.0,12,Bueno,1,545.0,1,0.542,0
66,4171.0,12,Formal,3221.0,24,Regular,3,6944.0,1,0.032,0
57,4030.0,15,Informal,5665.0,24,Bueno,1,5769.0,0,0.059,1
38,1653.0,28,Formal,8493.0,60,Bueno,0,2085.0,0,0.086,0
68,4750.0,9,Independiente,3591.0,36,Bueno,0,6526.0,1,0.021,0
41,2571.0,24,Informal,6591.0,48,Bueno,2,2782.0,1,0.053,1
36,5903.0,26,Informal,10938.0,36,Regular,0,9088.0,0,0.051,1
65,3938.0,28,Independiente,5589.0,24,Malo,3,1620.0,0,0.059,1
39,3193.0,5,Independiente,6654.0,12,Regular,4,1440.0,0,0.174,1
24,4394.0,7,Independiente,4036.0,12,Bueno,3,4680.0,0,0.077,1
44,4291.0,6,Formal,5980.0,36,Regular,2,6257.0,1,0.039,1
59,4232.0,22,Independiente,3276.0,60,Regular,1,6367.0,0,0.013,0
30,5602.0,20,Independiente,7939.0,24,Regular,0,9844.0,1,0.059,0
43,4495.0,12,Formal,2821.0,36,Bueno,0,6168.0,0,0.017,0
27,3086.0,2,Independiente,4906.0,48,Malo,0,1293.0,1,0.033,1
54,3667.0,15,Formal,7284.0,60,Bueno,3,1522.0,0,0.033,0
44,6704.0,21,Independiente,6340.0,24,Regular,1,5377.0,0,0.039,0
37,2981.0,14,Formal,8758.0,60,Regular,3,3489.0,1,0.049,0
32,4721.0,8,Informal,6667.0,36,Malo,2,4359.0,0,0.039,1
48,5681.0,17,Formal,2204.0,36,Malo,1,690.0,1,0.011,0
53,4894.0,19,Formal,3554.0,48,Bueno,2,4245.0,0,0.015,0
67,4181.0,17,Independiente,7088.0,24,Regular,2,6149.0,0,0.071,1
42,4426.0,26,Formal,12539.0,48,Bueno,0,1915.0,1,0.059,0
28,5011.0,9,Formal,11332.0,36,Regular,0,5728.0,1,0.063,0
61,2968.0,18,Independiente,26609.0,48,Bueno,5,1441.0,0,0.187,1
51,4040.0,25,Informal,5236.0,48,Bueno,0,4041.0,0,0.027,0
55,8661.0,6,Independiente,10736.0,36,Malo,1,10928.0,0,0.034,0
25,4776.0,8,Formal,10321.0,12,Regular,2,1781.0,1,0.18,1
36,4237.0,1,Formal,15987.0,24,Bueno,2,5640.0,1,0.157,0
58,3529.0,11,Independiente,13656.0,48,Bueno,4,4297.0,0,0.081,1
61,2980.0,1,Independiente,8270.0,36,Bueno,4,1678.0,0,0.077,0
42,4482.0,22,Informal,9786.0,48,Bueno,3,7220.0,1,0.045,0
60,4599.0,2,Formal,8775.0,24,Bueno,1,6461.0,0,0.08,1
62,3938.0,20,Independiente,6937.0,36,Malo,5,3694.0,0,0.049,1
39,10051.0,17,Informal,9400.0,48,Bueno,0,1496.0,1,0.019,0
65,3078.0,29,Formal,7800.0,48,Bueno,1,2441.0,0,0.053,0
35,2809.0,10,Informal,7616.0,24,Regular,2,1668.0,0,0.113,1
32,3548.0,10,Formal,16397.0,12,Bueno,2,1676.0,1,0.385,0
54,3986.0,7,Independiente,8360.0,48,Bueno,3,4618.0,1,0.044,0
52,2922.0,16,Formal,7429.0,48,Bueno,0,4848.0,0,0.053,0
27,4441.0,6,Informal,6450.0,36,Bueno,5,1172.0,0,0.04,0
61,4622.0,3,Informal,6135.0,36,Bueno,0,6170.0,1,0.037,0
30,5234.0,28,Formal,3491.0,24,Regular,2,5857.0,0,0.028,0
60,3334.0,20,Independiente,6941.0,36,Bueno,3,4003.0,0,0.058,1
21,6486.0,3,Formal,12891.0,24,Regular,5,9867.0,0,0.083,0
60,5101.0,18,Formal,5147.0,24,Malo,3,3447.0,0,0.042,1
59,3055.0,9,Independiente,20308.0,48,Regular,3,3187.0,1,0.138,0
59,2917.0,5,Independiente,1672.0,24,Malo,1,1453.0,0,0.024,1
53,3639.0,14,Formal,9205.0,48,Malo,4,1862.0,1,0.053,0
44,4626.0,23,Formal,7964.0,36,Regular,3,4274.0,1,0.048,0
55,4879.0,0,Formal,16237.0,12,Bueno,0,64.0,1,0.277,0
34,5097.0,10,Formal,4825.0,24,Bueno,2,2276.0,0,0.039,0
59,8437.0,27,Formal,3250.0,24,Regular,5,2303.0,1,0.016,0
48,1888.0,11,Formal,6260.0,36,Regular,5,407.0,1,0.092,0
43,1993.0,2,Informal,5704.0,60,Regular,1,1380.0,1,0.048,0
45,3898.0,12,Formal,2529.0,48,Regular,4,732.0,0,0.014,0
48,8153.0,20,Informal,7468.0,48,Regular,1,2264.0,1,0.019,0
22,5325.0,29,Formal,5435.0,48,Regular,4,6410.0,1,0.021,1
27,2744.0,18,Formal,14607.0,48,Regular,3,3217.0,0,0.111,1
33,4358.0,1,Formal,7536.0,36,Bueno,1,7413.0,0,0.048,0
26,3811.0,24,Formal,4474.0,48,Bueno,5,6313.0,0,0.024,1
42,3760.0,23,Independiente,7013.0,36,Bueno,1,5915.0,0,0.052,1
53,3310.0,19,Formal,7878.0,12,Bueno,2,4117.0,1,0.198,0
53,4226.0,26,Formal,9699.0,48,Bueno,5,2028.0,1,0.048,0
44,6022.0,23,Formal,7207.0,48,Bueno,1,1931.0,1,0.025,0
62,3422.0,6,Independiente,19753.0,24,Malo,1,5848.0,0,0.241,1
48,5112.0,12,Formal,3423.0,60,Bueno,5,8830.0,0,0.011,0
24,5447.0,15,Formal,5382.0,12,Regular,2,4946.0,0,0.082,1
58,6465.0,14,Formal,4485.0,48,Bueno,4,6382.0,0,0.014,1
49,2899.0,19,Independiente,5857.0,60,Regular,0,28.0,0,0.034,1
52,4101.0,21,Informal,8413.0,24,Bueno,3,1097.0,0,0.085,0
48,3167.0,3,Formal,8089.0,60,Regular,0,3112.0,1,0.043,0
48,4229.0,17,Formal,9570.0,48,Regular,2,1384.0,0,0.047,1
25,4218.0,1,Formal,7511.0,48,Bueno,1,3635.0,1,0.037,0
48,2630.0,15,Informal,7763.0,60,Regular,2,3763.0,1,0.049,1
59,4322.0,12,Formal,7596.0,36,Regular,2,6230.0,1,0.049,0
35,8606.0,6,Independiente,5543.0,36,Regular,5,13348.0,0,0.018,1
50,4886.0,29,Independiente,5308.0,36,Bueno,3,2073.0,0,0.03,1
22,2429.0,7,Formal,4432.0,36,Malo,0,1888.0,0,0.051,1
38,2831.0,1,Independiente,9847.0,24,Bueno,2,3194.0,0,0.145,1
42,4023.0,10,Independiente,1869.0,12,Bueno,4,4208.0,1,0.039,1
69,2856.0,22,Formal,7669.0,24,Bueno,2,5136.0,1,0.112,0
31,6332.0,0,Formal,10848.0,48,Bueno,3,3149.0,1,0.036,0
34,2320.0,14,Formal,12410.0,60,Bueno,3,298.0,1,0.089,0
41,4899.0,12,Formal,1532.0,60,Regular,5,3420.0,0,0.005,0
69,2138.0,25,Independiente,5642.0,24,Regular,3,1994.0,1,0.11,1
62,3999.0,0,Independiente,4586.0,36,Malo,3,2787.0,0,0.032,0
22,2701.0,0,Informal,5376.0,36,Bueno,5,1553.0,0,0.055,0
32,5230.0,16,Independiente,13825.0,24,Regular,1,2422.0,1,0.11,0
61,5926.0,5,Formal,4603.0,36,Bueno,4,4560.0,0,0.022,0
23,4621.0,21,Formal,10834.0,24,Bueno,4,5733.0,0,0.098,0
62,6029.0,8,Independiente,7729.0,60,Bueno,2,1616.0,0,0.021,0
34,1494.0,16,Formal,5243.0,24,Regular,5,2328.0,1,0.146,0
65,4301.0,1,Formal,4941.0,48,Regular,1,4963.0,0,0.024,0
35,4873.0,20,Independiente,8174.0,48,Bueno,5,942.0,0,0.035,0
42,5107.0,15,Independiente,6802.0,48,Bueno,0,216.0,0,0.028,0
53,1901.0,0,Formal,2422.0,24,Bueno,1,176.0,1,0.053,0
27,4766.0,7,Independiente,3990.0,24,Bueno,1,775.0,0,0.035,1
48,5149.0,1,Formal,8290.0,60,Regular,2,5964.0,1,0.027,0
45,4283.0,1,Independiente,3331.0,12,Bueno,2,7253.0,0,0.065,0
59,2439.0,20,Independiente,11673.0,12,Regular,4,585.0,1,0.399,1
69,3301.0,12,Independiente,2777.0,60,Malo,2,1689.0,0,0.014,1
53,6344.0,24,Formal,6070.0,48,Bueno,3,9887.0,1,0.02,0
41,6071.0,7,Independiente,10013.0,48,Malo,0,5526.0,0,0.034,1
40,4839.0,21,Formal,3805.0,24,Regular,0,3720.0,0,0.033,0
41,5271.0,18,Formal,3197.0,36,Bueno,2,4490.0,1,0.017,0
60,5799.0,19,Informal,9043.0,48,Regular,0,1056.0,1,0.032,1
36,4819.0,24,Formal,11021.0,24,Bueno,0,1905.0,0,0.095,0
29,6275.0,21,Independiente,6317.0,24,Regular,0,10866.0,0,0.042,1
37,6196.0,22,Formal,5555.0,12,Regular,1,7176.0,0,0.075,0
22,9670.0,22,Independiente,2712.0,36,Malo,1,4983.0,1,0.008,0
26,3353.0,13,Independiente,7346.0,24,Regular,0,5715.0,1,0.091,0
25,3376.0,21,Formal,2196.0,48,Regular,1,2415.0,0,0.014,0
58,1249.0,25,Independiente,13929.0,24,Bueno,1,317.0,0,0.465,0
56,4685.0,22,Informal,6491.0,24,Malo,5,8141.0,1,0.058,0
55,7963.0,18,Informal,4038.0,60,Regular,3,9545.0,1,0.008,1
43,6464.0,2,Informal,4914.0,60,Regular,4,8759.0,0,0.013,1
56,5516.0,13,Formal,7660.0,36,Malo,4,224.0,0,0.039,0
28,6633.0,1,Informal,5394.0,60,Bueno,0,3381.0,0,0.014,1
65,4906.0,3,Formal,6972.0,24,Bueno,2,8349.0,0,0.059,0
45,3655.0,10,Formal,3704.0,36,Regular,3,1023.0,0,0.028,1
66,8735.0,13,Formal,12543.0,24,Malo,5,13734.0,1,0.06,0
28,4771.0,15,Formal,4974.0,36,Regular,2,6617.0,0,0.029,0
45,6144.0,27,Independiente,1810.0,48,Bueno,1,4186.0,0,0.006,1
55,1489.0,22,Formal,5662.0,48,Bueno,4,2377.0,1,0.079,0
45,1606.0,12,Independiente,4543.0,12,Bueno,1,2667.0,1,0.236,0
42,4352.0,10,Formal,12095.0,24,Bueno,5,6791.0,1,0.116,0
29,2856.0,21,Formal,4050.0,60,Malo,2,2095.0,1,0.024,0
39,4502.0,8,Informal,5351.0,36,Regular,0,4758.0,1,0.033,0
32,3374.0,26,Independiente,7779.0,24,Bueno,2,1859.0,1,0.096,0
35,10239.0,23,Formal,9604.0,24,Bueno,5,2395.0,0,0.039,1
54,5958.0,20,Independiente,14429.0,24,Malo,2,9675.0,1,0.101,1
51,6880.0,7,Informal,4247.0,36,Regular,0,12151.0,0,0.017,1
50,1731.0,18,Formal,13567.0,36,Bueno,2,183.0,0,0.218,1
38,5488.0,24,Formal,11843.0,36,Bueno,4,6794.0,1,0.06,0
68,3817.0,2,Informal,4504.0,36,Bueno,0,6522.0,0,0.033,0
25,6931.0,5,Formal,4197.0,36,Bueno,5,7584.0,0,0.017,1
37,5186.0,15,Formal,8708.0,12,Regular,4,440.0,0,0.14,1
26,4026.0,10,Formal,6879.0,12,Bueno,4,108.0,0,0.142,0
37,2537.0,21,Formal,8695.0,24,Bueno,4,2302.0,0,0.143,0
68,4320.0,12,Informal,5765.0,48,Bueno,0,7309.0,0,0.028,1
38,6289.0,29,Informal,7267.0,48,Bueno,4,3157.0,0,0.024,0
65,7086.0,8,Independiente,6515.0,12,Regular,1,4468.0,1,0.077,0
45,3565.0,10,Independiente,8631.0,36,Regular,0,5108.0,0,0.067,1
55,9554.0,0,Informal,4113.0,36,Bueno,0,13786.0,0,0.012,1
43,6101.0,7,Independiente,7579.0,36,Bueno,0,10363.0,0,0.035,0
34,2879.0,7,Independiente,14270.0,36,Regular,0,4346.0,0,0.138,1
58,2629.0,22,Informal,13830.0,60,Malo,5,2811.0,1,0.088,1
68,3909.0,10,Formal,8068.0,12,Bueno,0,6605.0,0,0.172,0
33,3561.0,6,Formal,4064.0,36,Bueno,3,3938.0,0,0.032,0
59,4920.0,9,Independiente,17979.0,36,Malo,0,5328.0,0,0.102,1
33,4150.0,16,Independiente,8632.0,36,Bueno,5,116.0,0,0.058,0
56,3676.0,23,Formal,17021.0,24,Malo,3,3014.0,0,0.193,1
59,2184.0,29,Formal,8828.0,36,Regular,3,169.0,1,0.112,0
43,5246.0,1,Independiente,1432.0,12,Bueno,0,8487.0,0,0.023,0
57,2113.0,25,Formal,17915.0,48,Bueno,5,40.0,0,0.177,0
34,6109.0,11,Informal,10944.0,36,Malo,2,3376.0,1,0.05,1
24,1806.0,24,Informal,7115.0,24,Bueno,0,3235.0,1,0.164,0
25,2066.0,1,Formal,2328.0,60,Bueno,4,2957.0,0,0.019,0
42,2874.0,18,Independiente,11597.0,48,Bueno,5,3920.0,0,0.084,0
65,3441.0,27,Independiente,8782.0,36,Regular,0,4415.0,1,0.071,1
27,3174.0,1,Formal,20717.0,60,Regular,1,293.0,0,0.109,1
43,3435.0,23,Formal,16103.0,48,Regular,3,1782.0,1,0.098,0
55,4536.0,3,Formal,16751.0,12,Bueno,0,6519.0,0,0.308,1
30,2899.0,29,Informal,7949.0,36,Regular,4,4673.0,1,0.076,1
56,4552.0,22,Informal,7752.0,36,Regular,3,2868.0,1,0.047,1
35,1497.0,27,Formal,8836.0,36,Bueno,3,699.0,1,0.164,1
60,2858.0,26,Informal,4788.0,60,Regular,1,1214.0,0,0.028,1
49,2027.0,9,Independiente,7233.0,36,Regular,2,2000.0,1,0.099,0
47,6082.0,12,Formal,6436.0,12,Bueno,0,3191.0,0,0.088,0
29,3047.0,20,Formal,13355.0,36,Malo,4,117.0,0,0.122,1
43,5121.0,5,Informal,14848.0,48,Bueno,3,3602.0,0,0.06,1
62,1889.0,9,Formal,10180.0,24,Bueno,3,1883.0,0,0.225,0
21,7040.0,2,Independiente,4336.0,12,Bueno,4,8037.0,0,0.051,0
58,4242.0,26,Independiente,18544.0,24,Bueno,3,2619.0,1,0.182,0
45,8400.0,7,Independiente,11565.0,36,Bueno,2,4746.0,1,0.038,0
56,4057.0,12,Formal,8500.0,12,Bueno,4,2073.0,0,0.175,0
53,2194.0,13,Formal,9660.0,24,Regular,5,2462.0,0,0.183,1
42,2722.0,11,Informal,3030.0,12,Regular,5,1390.0,0,0.093,0
36,3721.0,23,Formal,6443.0,36,Bueno,3,6141.0,1,0.048,1
51,2762.0,27,Formal,13980.0,12,Regular,2,1400.0,1,0.422,1
27,5848.0,17,Formal,2940.0,12,Regular,0,8326.0,0,0.042,0
49,4193.0,25,Independiente,2887.0,36,Bueno,2,2413.0,0,0.019,0
25,2775.0,3,Formal,11605.0,24,Malo,4,3171.0,0,0.174,0
52,5502.0,28,Independiente,9289.0,24,Bueno,4,6923.0,0,0.07,0
51,3531.0,3,Formal,2962.0,36,Bueno,0,1108.0,0,0.023,1
25,5406.0,1,Independiente,6116.0,12,Bueno,3,3697.0,0,0.094,1
58,3316.0,0,Informal,8500.0,12,Bueno,4,762.0,0,0.214,0
41,4986.0,7,Independiente,7951.0,36,Bueno,4,4583.0,0,0.044,0
59,3484.0,25,Independiente,8874.0,24,Bueno,5,5703.0,1,0.106,0
23,5849.0,9,Independiente,5859.0,36,Regular,0,6277.0,1,0.028,1
29,1905.0,23,Independiente,8177.0,60,Malo,2,2406.0,0,0.072,0
45,2458.0,12,Formal,10170.0,36,Regular,0,1252.0,0,0.115,0
30,3849.0,3,Independiente,9745.0,36,Regular,4,3244.0,1,0.07,1
37,3099.0,14,Formal,5959.0,60,Regular,3,4132.0,0,0.032,1
53,3443.0,6,Formal,10692.0,36,Regular,2,814.0,0,0.086,0
28,5205.0,8,Formal,4049.0,48,Bueno,4,1140.0,1,0.016,0
54,3415.0,15,Formal,4913.0,36,Bueno,5,1380.0,0,0.04,0
26,4614.0,23,Formal,11596.0,36,Bueno,1,1967.0,1,0.07,0
29,2850.0,17,Independiente,10570.0,60,Bueno,4,4937.0,1,0.062,0
49,1749.0,6,Independiente,6265.0,12,Regular,5,499.0,1,0.299,0
59,5393.0,21,Formal,4855.0,60,Bueno,0,1021.0,0,0.015,0
29,7670.0,20,Formal,5235.0,36,Bueno,4,1901.0,0,0.019,1
35,4430.0,7,Independiente,9928.0,36,Bueno,0,1618.0,0,0.062,0
66,3930.0,25,Independiente,8928.0,36,Regular,4,2608.0,0,0.063,0
69,4252.0,25,Independiente,4681.0,24,Bueno,4,1509.0,1,0.046,0
49,6653.0,18,Formal,10530.0,12,Bueno,5,1051.0,1,0.132,1
42,4450.0,8,Informal,6111.0,60,Bueno,3,1094.0,0,0.023,1
37,5494.0,10,Formal,4128.0,36,Bueno,1,7809.0,0,0.021,0
51,5400.0,13,Independiente,5546.0,48,Regular,4,5055.0,0,0.021,1
49,6042.0,5,Formal,7541.0,24,Bueno,1,8112.0,0,0.052,0
35,3898.0,9,Formal,10330.0,24,Bueno,0,1240.0,1,0.11,1
22,3299.0,4,Informal,9970.0,24,Malo,0,1812.0,0,0.126,1
28,5007.0,4,Informal,6775.0,24,Bueno,5,8853.0,0,0.056,1
67,5875.0,22,Formal,8037.0,36,Regular,2,906.0,0,0.038,0
41,6307.0,3,Formal,6450.0,60,Regular,0,4980.0,1,0.017,0
44,6975.0,14,Informal,4686.0,48,Bueno,0,3713.0,1,0.014,0
43,5669.0,12,Formal,6918.0,36,Bueno,0,75.0,0,0.034,1
59,3229.0,1,Informal,2317.0,24,Bueno,4,3211.0,0,0.03,0
24,4428.0,24,Formal,15002.0,36,Bueno,0,4384.0,0,0.094,0
25,4278.0,29,Formal,7923.0,36,Bueno,4,2468.0,1,0.051,1
34,4100.0,19,Formal,9120.0,36,Regular,3,3485.0,0,0.062,0
44,5011.0,20,Independiente,4804.0,36,Bueno,1,3535.0,1,0.027,0
53,3760.0,6,Formal,7886.0,12,Bueno,5,3142.0,0,0.175,0
45,3762.0,25,Formal,8615.0,12,Regular,2,5743.0,1,0.191,1
42,7858.0,23,Informal,6279.0,60,Bueno,2,10099.0,0,0.013,0
66,3976.0,13,Formal,6468.0,48,Regular,4,2006.0,1,0.034,0
28,6025.0,21,Independiente,3309.0,60,Bueno,3,2598.0,0,0.009,1
49,6161.0,28,Formal,17620.0,24,Regular,4,8043.0,1,0.119,1
47,4475.0,18,Independiente,4764.0,36,Regular,3,1808.0,1,0.03,0
44,3819.0,5,Formal,5118.0,24,Bueno,5,6239.0,0,0.056,1
60,2895.0,9,Independiente,15518.0,60,Regular,2,4340.0,1,0.089,1
34,2101.0,5,Independiente,9351.0,24,Bueno,1,955.0,0,0.185,1
67,5149.0,9,Informal,10375.0,36,Bueno,0,7428.0,1,0.056,1
37,4751.0,26,Informal,3184.0,24,Bueno,1,1636.0,0,0.028,0
47,5441.0,5,Formal,7832.0,12,Bueno,4,243.0,0,0.12,0
46,3380.0,26,Formal,3206.0,24,Malo,5,5847.0,0,0.04,0
62,8178.0,8,Formal,4372.0,36,Bueno,1,11207.0,1,0.015,1
42,4912.0,14,Independiente,18995.0,48,Bueno,0,4324.0,0,0.081,0
34,3918.0,15,Formal,3921.0,60,Malo,4,5947.0,1,0.017,1
22,1707.0,3,Informal,10112.0,36,Bueno,4,233.0,0,0.165,1
38,3526.0,5,Informal,4136.0,36,Regular,0,4695.0,0,0.033,0
61,5541.0,9,Formal,4429.0,48,Bueno,0,9538.0,1,0.017,0
21,6904.0,1,Formal,25227.0,12,Malo,2,10173.0,1,0.304,1
64,4155.0,22,Independiente,6794.0,48,Bueno,2,3229.0,0,0.034,0
47,7348.0,16,Formal,3049.0,48,Regular,0,4580.0,0,0.009,1
27,2810.0,25,Formal,10342.0,36,Regular,3,4514.0,1,0.102,0
35,4806.0,25,Formal,13448.0,12,Malo,2,2522.0,0,0.233,1
48,4858.0,10,Informal,10856.0,24,Malo,4,8197.0,1,0.093,1
36,5165.0,24,Independiente,6469.0,24,Regular,5,2974.0,0,0.052,0
26,4374.0,1,Formal,6590.0,60,Bueno,0,984.0,1,0.025,0
53,4705.0,12,Formal,5300.0,36,Bueno,2,1998.0,0,0.031,0
53,2784.0,19,Independiente,3651.0,36,Malo,4,2603.0,0,0.036,1
26,6641.0,13,Formal,8528.0,36,Regular,0,1567.0,1,0.036,0
34,5793.0,22,Informal,6293.0,48,Malo,5,3962.0,0,0.023,1
32,4635.0,25,Independiente,3234.0,24,Regular,2,7558.0,1,0.029,0
53,5846.0,12,Informal,6887.0,12,Bueno,4,988.0,0,0.098,0
56,6725.0,8,Independiente,4781.0,36,Bueno,3,7439.0,0,0.02,0
56,5136.0,17,Informal,8286.0,24,Bueno,5,3733.0,1,0.067,0
66,8535.0,26,Independiente,7846.0,24,Regular,0,9947.0,0,0.038,1
58,5300.0,29,Independiente,5810.0,36,Bueno,5,4671.0,1,0.03,1
36,2951.0,24,Formal,7067.0,24,Bueno,3,4657.0,0,0.1,1
26,4545.0,7,Independiente,7404.0,60,Regular,4,3293.0,0,0.027,1
51,5935.0,6,Independiente,11594.0,48,Bueno,4,5432.0,0,0.041,1
65,6727.0,17,Formal,6927.0,60,Bueno,3,1576.0,0,0.017,0
68,4409.0,12,Independiente,5372.0,60,Bueno,2,3891.0,0,0.02,0
32,2862.0,18,Formal,6135.0,24,Bueno,4,591.0,0,0.089,1
32,3788.0,27,Formal,16908.0,24,Bueno,3,3976.0,0,0.186,0
22,2384.0,16,Formal,4223.0,36,Regular,5,1834.0,1,0.049,1
27,5511.0,10,Formal,6358.0,12,Regular,4,7771.0,0,0.096,1
48,3509.0,26,Formal,6306.0,60,Regular,3,2643.0,0,0.03,1
47,3129.0,13,Informal,6454.0,12,Malo,3,3552.0,0,0.172,0
39,5719.0,18,Independiente,2541.0,36,Bueno,1,607.0,0,0.012,0
36,7289.0,4,Informal,3578.0,36,Bueno,4,9316.0,1,0.014,0
61,3124.0,15,Informal,6116.0,60,Bueno,1,5384.0,1,0.033,0
43,4420.0,12,Formal,5220.0,36,Regular,3,3563.0,0,0.033,0
60,3848.0,3,Independiente,8266.0,36,Bueno,4,68.0,1,0.06,0
68,6850.0,6,Formal,12488.0,24,Malo,2,7443.0,0,0.076,0
36,4018.0,21,Informal,8615.0,36,Regular,5,1050.0,1,0.06,0
30,2758.0,5,Formal,7553.0,48,Regular,0,2323.0,0,0.057,0
67,4092.0,3,Formal,9075.0,36,Bueno,1,239.0,0,0.062,0
52,6285.0,1,Formal,7934.0,48,Regular,1,5010.0,1,0.026,0
35,3762.0,0,Independiente,7036.0,12,Bueno,5,5922.0,0,0.156,1
51,3250.0,13,Formal,11360.0,24,Bueno,3,792.0,1,0.146,0
46,3949.0,14,Formal,924.0,60,Regular,1,3542.0,1,0.004,0
65,2792.0,18,Informal,6024.0,24,Bueno,5,1276.0,0,0.09,0
33,3847.0,17,Formal,3550.0,36,Malo,2,1808.0,1,0.026,0
69,3344.0,16,Independiente,5123.0,36,Regular,1,3872.0,1,0.043,0
66,9164.0,29,Independiente,4752.0,60,Regular,5,12343.0,1,0.009,0
29,1858.0,7,Formal,19365.0,24,Bueno,0,2921.0,1,0.434,0
29,2946.0,21,Formal,12880.0,24,Bueno,5,1475.0,1,0.182,0
47,3249.0,2,Formal,7603.0,48,Bueno,0,414.0,0,0.049,0
23,2800.0,25,Informal,4820.0,36,Regular,3,2229.0,0,0.048,1
35,4824.0,10,Independiente,11299.0,36,Bueno,3,5076.0,1,0.065,0
42,3103.0,10,Formal,7446.0,24,Malo,5,4131.0,1,0.1,1
68,2285.0,4,Informal,6031.0,36,Malo,5,3110.0,1,0.073,1
69,4270.0,15,Formal,7478.0,60,Bueno,5,6638.0,1,0.029,0
28,3679.0,11,Formal,6121.0,36,Regular,5,206.0,1,0.046,0
64,3159.0,29,Formal,9018.0,60,Bueno,5,5578.0,0,0.048,0
25,6782.0,5,Independiente,3366.0,60,Bueno,3,11802.0,0,0.008,0
57,4886.0,12,Formal,8984.0,36,Bueno,5,313.0,0,0.051,1
62,4678.0,27,Independiente,6117.0,36,Regular,4,2638.0,0,0.036,1
64,4928.0,24,Formal,11433.0,36,Malo,2,6791.0,0,0.064,1
31,4831.0,22,Independiente,13040.0,48,Bueno,5,4161.0,1,0.056,1
64,3751.0,15,Informal,14539.0,36,Bueno,0,31.0,1,0.108,0
26,3115.0,26,Formal,22189.0,12,Bueno,0,1989.0,0,0.594,0
46,4306.0,6,Formal,20141.0,60,Bueno,0,4487.0,0,0.078,0
44,3725.0,24,Independiente,14273.0,36,Bueno,3,5898.0,0,0.106,0
36,1848.0,17,Formal,11243.0,48,Regular,0,2758.0,0,0.127,0
22,2706.0,10,Formal,3640.0,36,Malo,1,4609.0,0,0.037,0
58,3546.0,6,Independiente,1689.0,36,Bueno,1,2987.0,0,0.013,0
37,5766.0,15,Independiente,12061.0,36,Malo,1,8285.0,0,0.058,1
53,4313.0,0,Independiente,4359.0,48,Regular,0,782.0,0,0.021,0
41,2904.0,21,Formal,27642.0,12,Regular,1,2710.0,0,0.793,1
39,2617.0,7,Formal,2848.0,36,Regular,1,4318.0,1,0.03,0
64,6240.0,11,Independiente,10989.0,48,Bueno,4,9422.0,1,0.037,0
25,3817.0,5,Independiente,7921.0,60,Bueno,3,4504.0,1,0.035,0
57,1193.0,13,Formal,3042.0,12,Bueno,1,320.0,0,0.212,0
57,3911.0,11,Formal,7895.0,24,Regular,0,1282.0,0,0.084,1
39,5288.0,5,Formal,4672.0,36,Bueno,3,6460.0,1,0.025,0
33,2586.0,26,Formal,6807.0,24,Bueno,1,1515.0,1,0.11,0
21,4189.0,22,Informal,6859.0,12,Bueno,4,2484.0,0,0.136,0
66,4340.0,11,Formal,4710.0,36,Bueno,1,6622.0,0,0.03,0
67,2645.0,1,Independiente,5822.0,36,Bueno,5,97.0,0,0.061,1
32,6461.0,25,Formal,4458.0,36,Bueno,0,4565.0,1,0.019,1
22,4368.0,20,Formal,2373.0,24,Malo,5,1873.0,1,0.023,0
27,3539.0,16,Independiente,7541.0,60,Regular,4,173.0,1,0.036,0
24,3827.0,18,Independiente,14234.0,36,Bueno,4,1492.0,1,0.103,0
61,2453.0,0,Formal,4608.0,48,Regular,5,814.0,1,0.039,0
64,2414.0,14,Formal,18066.0,24,Regular,2,2192.0,1,0.312,0
28,3413.0,5,Formal,20094.0,48,Bueno,4,2674.0,0,0.123,1
57,3495.0,19,Formal,5550.0,48,Regular,3,2967.0,0,0.033,1
29,3731.0,27,Independiente,6296.0,24,Bueno,4,5896.0,1,0.07,0
38,6684.0,15,Formal,5611.0,36,Bueno,3,5949.0,0,0.023,0
50,5179.0,18,Formal,3672.0,36,Regular,5,5957.0,1,0.02,0
56,1962.0,20,Independiente,6313.0,36,Bueno,1,2287.0,0,0.089,0
63,6186.0,27,Informal,5925.0,48,Bueno,4,5755.0,1,0.02,1
23,3403.0,1,Formal,7470.0,24,Bueno,0,1867.0,0,0.091,1
30,5370.0,9,Independiente,7693.0,36,Bueno,0,8730.0,1,0.04,0
34,3507.0,8,Formal,3513.0,60,Bueno,4,2766.0,0,0.017,1
36,4262.0,21,Formal,9823.0,24,Regular,1,4381.0,0,0.096,1
69,2524.0,13,Formal,6271.0,12,Bueno,0,2540.0,1,0.207,0
59,4621.0,23,Independiente,3913.0,12,Bueno,3,6884.0,0,0.071,0
36,5604.0,14,Formal,6193.0,60,Regular,3,5393.0,0,0.018,1
68,2105.0,29,Informal,7856.0,24,Bueno,3,1731.0,1,0.156,0
45,5637.0,23,Formal,15666.0,24,Regular,2,4668.0,1,0.116,0
45,3110.0,0,Informal,14325.0,36,Bueno,4,4366.0,0,0.128,0
42,7515.0,29,Formal,5290.0,48,Bueno,0,4464.0,0,0.015,0
28,5408.0,28,Formal,6510.0,36,Bueno,0,9100.0,1,0.033,0
66,5050.0,1,Independiente,4383.0,60,Bueno,2,7696.0,0,0.014,0
21,3836.0,11,Formal,8554.0,12,Regular,5,955.0,0,0.186,0
29,9849.0,29,Independiente,5453.0,36,Regular,4,5624.0,0,0.015,0
32,3411.0,25,Informal,6388.0,36,Bueno,3,5560.0,0,0.052,0
34,2730.0,14,Independiente,12291.0,24,Bueno,5,1368.0,1,0.188,0
27,3152.0,16,Informal,3505.0,48,Malo,5,1802.0,0,0.023,1
21,5991.0,0,Formal,14343.0,36,Bueno,0,2345.0,0,0.067,0
54,4231.0,16,Independiente,9014.0,24,Bueno,3,414.0,0,0.089,0
68,3997.0,19,Independiente,13982.0,12,Regular,5,3442.0,1,0.292,1
26,3431.0,10,Independiente,10645.0,12,Bueno,1,4662.0,0,0.259,0
35,3918.0,9,Independiente,11700.0,48,Malo,0,4655.0,1,0.062,1
45,3341.0,24,Independiente,7267.0,24,Bueno,2,166.0,1,0.091,0
66,5231.0,13,Informal,3855.0,60,Regular,5,4928.0,1,0.012,0
55,3699.0,7,Formal,5067.0,12,Bueno,1,2199.0,1,0.114,0
58,3175.0,11,Formal,4529.0,60,Bueno,3,3668.0,0,0.024,0
49,5797.0,14,Formal,2051.0,48,Bueno,1,4228.0,1,0.007,0
41,2763.0,7,Formal,12279.0,12,Malo,4,4877.0,0,0.37,1
30,4254.0,16,Independiente,6818.0,12,Bueno,5,6344.0,0,0.134,1
63,1843.0,25,Formal,4325.0,48,Bueno,0,2323.0,0,0.049,0
60,2338.0,22,Formal,19673.0,12,Malo,2,2170.0,1,0.701,1
22,3548.0,6,Informal,24322.0,24,Bueno,3,3775.0,0,0.286,1
56,3318.0,14,Informal,3252.0,48,Bueno,1,2641.0,1,0.02,0
25,3316.0,16,Independiente,6310.0,60,Bueno,3,4743.0,0,0.032,1
57,5427.0,20,Formal,6083.0,48,Regular,2,8872.0,1,0.023,1
61,5548.0,22,Formal,4130.0,48,Bueno,0,9977.0,0,0.016,0
27,4565.0,14,Formal,12123.0,36,Bueno,3,4921.0,1,0.074,0
42,2707.0,9,Formal,2067.0,48,Malo,0,3323.0,0,0.016,0
27,3906.0,19,Formal,16952.0,24,Regular,1,2811.0,0,0.181,0
48,7936.0,3,Independiente,7437.0,48,Bueno,0,121.0,0,0.02,0
66,9447.0,20,Formal,18783.0,36,Regular,0,11958.0,0,0.055,0
24,5819.0,26,Formal,7095.0,36,Bueno,2,9783.0,0,0.034,0
40,2748.0,21,Independiente,6071.0,60,Bueno,5,4252.0,0,0.037,0
68,3919.0,13,Formal,12646.0,36,Bueno,1,6198.0,1,0.09,0
35,4452.0,24,Formal,18716.0,36,Regular,1,3222.0,0,0.117,1
27,4201.0,15,Formal,17072.0,36,Regular,4,5396.0,1,0.113,0
44,6053.0,16,Formal,2599.0,24,Bueno,5,6956.0,1,0.018,0
45,5336.0,25,Independiente,14684.0,24,Bueno,1,5196.0,0,0.115,1
53,2691.0,5,Formal,5902.0,60,Bueno,0,734.0,0,0.037,1
36,3204.0,23,Formal,6687.0,24,Regular,4,3319.0,1,0.087,0
67,5809.0,20,Informal,5833.0,36,Regular,3,3122.0,0,0.028,0
46,6771.0,15,Informal,5065.0,36,Regular,5,8575.0,0,0.021,0
35,4473.0,2,Formal,6350.0,48,Malo,3,7607.0,0,0.03,1
68,7098.0,22,Informal,4043.0,48,Regular,5,9297.0,1,0.012,1
66,4282.0,6,Formal,14732.0,12,Malo,0,2000.0,0,0.287,1
45,2871.0,26,Formal,10564.0,24,Regular,0,2404.0,0,0.153,1
22,5152.0,23,Independiente,8217.0,48,Bueno,3,5238.0,0,0.033,1
50,11135.0,10,Formal,5831.0,24,Regular,4,14554.0,0,0.022,0
48,2460.0,13,Formal,5259.0,36,Bueno,2,655.0,1,0.059,0
28,6993.0,0,Informal,9214.0,24,Bueno,2,6616.0,1,0.055,0
52,5042.0,14,Formal,8368.0,12,Bueno,2,7806.0,0,0.138,0
62,3131.0,1,Formal,13131.0,60,Bueno,0,155.0,0,0.07,0
26,1860.0,29,Formal,5309.0,60,Regular,5,2436.0,0,0.048,0
56,1589.0,19,Informal,5024.0,48,Bueno,5,2518.0,0,0.066,1
27,3313.0,7,Formal,10325.0,24,Bueno,5,4745.0,1,0.13,1
57,4731.0,24,Informal,11530.0,60,Malo,3,7935.0,0,0.041,1
41,5647.0,0,Formal,23313.0,36,Regular,1,7956.0,1,0.115,0
21,6146.0,16,Independiente,2522.0,60,Bueno,2,5731.0,0,0.007,0
68,4573.0,3,Formal,15176.0,12,Bueno,4,3926.0,0,0.277,1
29,4307.0,1,Formal,7837.0,24,Bueno,1,247.0,0,0.076,0
50,3593.0,7,Formal,5484.0,36,Malo,0,120.0,1,0.042,1
29,4775.0,8,Formal,9281.0,60,Bueno,5,5496.0,0,0.032,0
66,3150.0,21,Formal,9105.0,24,Malo,0,1562.0,1,0.12,1
57,2510.0,26,Formal,5575.0,24,Bueno,3,1387.0,0,0.093,0
60,4206.0,23,Independiente,2638.0,36,Regular,0,6110.0,0,0.017,0
42,5481.0,22,Independiente,15205.0,60,Bueno,0,1098.0,0,0.046,1
43,2308.0,16,Formal,4774.0,48,Bueno,3,1179.0,0,0.043,0
52,3313.0,11,Independiente,4361.0,60,Bueno,1,4085.0,1,0.022,0
59,4147.0,7,Independiente,5040.0,36,Bueno,4,228.0,0,0.034,0
62,4114.0,28,Informal,11222.0,48,Malo,4,3849.0,1,0.057,0
21,4991.0,15,Formal,5962.0,36,Regular,3,768.0,0,0.033,1
53,7845.0,16,Formal,5097.0,12,Bueno,1,10755.0,1,0.054,0
26,1594.0,0,Informal,8945.0,48,Regular,5,1821.0,0,0.117,1
35,7986.0,13,Informal,8259.0,36,Bueno,2,8748.0,1,0.029,0
61,7705.0,20,Informal,5161.0,36,Malo,4,3069.0,1,0.019,1
33,5683.0,14,Independiente,2608.0,24,Bueno,1,7413.0,1,0.019,0
60,4441.0,18,Independiente,11085.0,48,Bueno,0,2412.0,0,0.052,1
43,3173.0,24,Informal,8344.0,48,Bueno,4,3260.0,1,0.055,1
32,5656.0,0,Formal,2128.0,24,Bueno,1,937.0,0,0.016,0
37,4528.0,27,Formal,16399.0,60,Malo,3,783.0,0,0.06,0
47,3622.0,24,Informal,2075.0,24,Bueno,3,1265.0,0,0.024,0
58,5600.0,12,Informal,4556.0,12,Bueno,0,2177.0,1,0.068,1
50,5972.0,22,Formal,4728.0,24,Regular,1,1359.0,0,0.033,0
66,1263.0,1,Formal,5204.0,36,Bueno,1,269.0,0,0.114,0
63,6750.0,9,Informal,5109.0,12,Bueno,0,10680.0,0,0.063,1
57,3040.0,3,Formal,3427.0,48,Regular,5,3035.0,1,0.023,0
50,6408.0,19,Independiente,7908.0,48,Bueno,0,7176.0,1,0.026,0
35,3648.0,25,Formal,12097.0,36,Regular,4,1890.0,1,0.092,0
41,4446.0,18,Formal,7849.0,48,Regular,2,444.0,0,0.037,1
26,4776.0,21,Independiente,8599.0,60,Bueno,1,8324.0,0,0.03,0
39,6205.0,4,Informal,6040.0,36,Bueno,3,603.0,1,0.027,1
66,5379.0,28,Independiente,7681.0,12,Bueno,5,7965.0,0,0.119,1
41,3599.0,5,Formal,8954.0,24,Bueno,3,4309.0,1,0.104,0
26,1674.0,15,Formal,10567.0,36,Regular,0,1228.0,1,0.175,0
52,4968.0,20,Formal,4876.0,36,Regular,4,6676.0,0,0.027,0
68,4376.0,25,Informal,4520.0,36,Bueno,4,6024.0,0,0.029,0
63,2448.0,28,Formal,1706.0,36,Regular,5,3870.0,0,0.019,0
34,4575.0,17,Informal,19001.0,36,Bueno,1,4487.0,0,0.115,0
43,4127.0,17,Informal,18348.0,24,Malo,5,1588.0,0,0.185,0
47,6724.0,12,Formal,6966.0,24,Bueno,2,6930.0,0,0.043,0
33,8205.0,17,Formal,7186.0,24,Regular,2,1467.0,0,0.036,1
34,5914.0,20,Informal,15762.0,48,Bueno,3,4005.0,1,0.056,0
32,4036.0,19,Formal,3491.0,36,Bueno,3,4434.0,1,0.024,0
69,4271.0,17,Informal,4257.0,36,Bueno,1,1936.0,1,0.028,0
57,2998.0,13,Formal,16293.0,36,Malo,1,4668.0,0,0.151,1
62,3218.0,5,Formal,6004.0,36,Regular,3,5654.0,0,0.052,1
61,3946.0,1,Formal,3917.0,12,Regular,5,539.0,0,0.083,1
67,3789.0,12,Formal,9241.0,24,Bueno,1,1404.0,1,0.102,0
26,2394.0,11,Independiente,4893.0,12,Regular,3,2038.0,0,0.17,1
64,6751.0,18,Independiente,14784.0,12,Bueno,1,461.0,1,0.182,0
24,7123.0,27,Formal,7646.0,24,Regular,1,1191.0,0,0.045,0
44,6666.0,21,Independiente,5005.0,48,Bueno,4,10807.0,1,0.016,1
50,7219.0,24,Formal,5163.0,12,Regular,4,592.0,0,0.06,0
38,9158.0,17,Informal,9000.0,12,Regular,2,4080.0,1,0.082,0
28,3020.0,27,Informal,6422.0,12,Bueno,2,2303.0,1,0.177,1
30,8996.0,28,Independiente,5952.0,24,Regular,2,331.0,0,0.028,0
61,3590.0,4,Informal,10788.0,24,Bueno,5,5238.0,0,0.125,1
36,5253.0,19,Formal,15880.0,12,Bueno,5,7848.0,1,0.252,0
36,2170.0,15,Formal,9980.0,24,Bueno,0,1542.0,0,0.192,0
66,3413.0,29,Formal,4674.0,60,Bueno,4,1240.0,1,0.023,0
28,5980.0,17,Informal,3778.0,24,Bueno,2,9605.0,0,0.026,0
65,5350.0,0,Formal,10448.0,24,Regular,3,6534.0,0,0.081,1
66,3563.0,6,Informal,9969.0,36,Regular,5,3360.0,0,0.078,1
50,4270.0,3,Formal,5713.0,24,Bueno,2,3016.0,0,0.056,1
29,3274.0,6,Formal,6493.0,36,Malo,2,3178.0,0,0.055,0
28,5973.0,2,Independiente,4829.0,36,Malo,3,2683.0,1,0.022,1
34,6929.0,23,Independiente,3830.0,48,Bueno,1,5608.0,0,0.012,1
49,3025.0,14,Formal,5060.0,60,Bueno,1,3735.0,0,0.028,1
28,4104.0,20,Informal,1459.0,48,Malo,3,3039.0,0,0.007,1
43,2356.0,29,Independiente,13301.0,24,Bueno,1,2905.0,1,0.235,0
26,4522.0,19,Formal,3149.0,36,Bueno,3,6013.0,1,0.019,0
47,5041.0,14,Independiente,7048.0,24,Malo,1,6839.0,0,0.058,1
22,4664.0,8,Formal,1876.0,48,Regular,0,4778.0,1,0.008,0
55,4889.0,22,Informal,9788.0,12,Regular,0,1623.0,1,0.167,1
23,3937.0,15,Formal,11416.0,36,Malo,1,4965.0,0,0.081,1
30,3973.0,22,Independiente,7406.0,24,Bueno,0,5859.0,0,0.078,1
29,3902.0,0,Formal,6817.0,36,Regular,1,662.0,0,0.049,0
61,3373.0,4,Formal,4818.0,24,Regular,2,5440.0,1,0.06,0
23,3535.0,3,Independiente,13124.0,24,Bueno,1,5989.0,0,0.155,1
42,4953.0,20,Formal,2758.0,36,Bueno,3,5958.0,0,0.015,1
49,6754.0,15,Independiente,5502.0,36,Bueno,2,1350.0,1,0.023,0
46,2819.0,9,Independiente,4496.0,24,Regular,0,3317.0,1,0.066,0
54,3967.0,9,Formal,4405.0,12,Regular,2,2543.0,0,0.093,0
60,2588.0,18,Formal,12937.0,48,Malo,0,1415.0,0,0.104,1
40,3397.0,28,Independiente,6583.0,36,Bueno,4,225.0,0,0.054,1
61,3616.0,29,Formal,4796.0,36,Regular,2,4718.0,0,0.037,0
36,4400.0,14,Formal,8494.0,36,Bueno,3,4488.0,0,0.054,1
69,4354.0,20,Formal,8111.0,36,Malo,0,3533.0,0,0.052,1
45,4090.0,2,Formal,11304.0,36,Regular,2,2862.0,1,0.077,1
57,4799.0,28,Independiente,9006.0,12,Regular,4,3558.0,0,0.156,1
63,2924.0,0,Informal,6753.0,36,Bueno,1,2385.0,0,0.064,0
59,4414.0,10,Independiente,7017.0,36,Bueno,5,3794.0,0,0.044,0
62,5409.0,21,Independiente,2647.0,12,Bueno,2,951.0,1,0.041,0
47,2910.0,29,Formal,8790.0,48,Regular,0,1992.0,0,0.063,0
23,2007.0,5,Independiente,4102.0,24,Bueno,1,231.0,0,0.085,0
45,5955.0,19,Independiente,8018.0,12,Regular,2,8317.0,1,0.112,0
29,2620.0,5,Formal,15684.0,48,Bueno,5,2463.0,0,0.125,0
64,3333.0,1,Independiente,7409.0,48,Bueno,2,4797.0,0,0.046,0
32,5350.0,12,Formal,5800.0,24,Bueno,1,4134.0,0,0.045,1
32,2853.0,17,Formal,5758.0,36,Bueno,2,786.0,0,0.056,1
33,5796.0,7,Formal,8592.0,12,Bueno,5,3125.0,1,0.124,0
52,3147.0,29,Formal,7776.0,48,Bueno,5,1325.0,1,0.051,1
48,2998.0,18,Formal,10040.0,36,Bueno,3,2374.0,0,0.093,0
67,2593.0,13,Formal,4974.0,48,Regular,5,3682.0,0,0.04,1
41,3158.0,14,Formal,6373.0,24,Bueno,4,663.0,0,0.084,1
34,5076.0,13,Formal,10953.0,24,Regular,2,3656.0,0,0.09,0
23,3333.0,3,Formal,11425.0,48,Regular,5,551.0,1,0.071,1
21,5964.0,18,Formal,11474.0,12,Bueno,0,4202.0,0,0.16,1
39,4153.0,23,Informal,10333.0,24,Bueno,4,4355.0,0,0.104,0
66,4291.0,12,Independiente,10523.0,36,Bueno,3,533.0,0,0.068,0
46,2963.0,12,Formal,8010.0,36,Bueno,3,355.0,1,0.075,0
64,6302.0,27,Formal,3079.0,12,Bueno,5,8287.0,1,0.041,0
25,5426.0,18,Formal,3258.0,36,Regular,1,3980.0,0,0.017,1
25,5368.0,8,Formal,7330.0,24,Bueno,1,3395.0,0,0.057,0
61,3851.0,0,Formal,7509.0,36,Malo,3,4757.0,0,0.054,1
26,2469.0,24,Formal,4348.0,60,Regular,4,377.0,0,0.029,0
23,4378.0,18,Formal,4508.0,36,Bueno,0,6775.0,0,0.029,0
40,4995.0,18,Independiente,6730.0,36,Regular,2,6972.0,1,0.037,0
66,5013.0,8,Formal,20533.0,36,Bueno,2,3516.0,1,0.114,1
54,4760.0,5,Formal,3901.0,12,Bueno,4,4016.0,0,0.068,0
25,4686.0,14,Formal,5632.0,48,Malo,5,3355.0,0,0.025,1
62,3141.0,22,Informal,11295.0,48,Bueno,0,4440.0,1,0.075,0
62,3200.0,8,Independiente,10206.0,48,Bueno,3,167.0,0,0.066,1
60,2603.0,15,Independiente,8351.0,60,Malo,4,3146.0,1,0.053,1
65,5991.0,29,Informal,2313.0,36,Malo,1,3263.0,1,0.011,1
32,8055.0,6,Independiente,6175.0,36,Bueno,5,11303.0,0,0.021,0
68,11048.0,6,Formal,17531.0,24,Regular,5,19566.0,0,0.066,1
36,4492.0,7,Independiente,4422.0,60,Regular,1,2256.0,1,0.016,1
60,4690.0,27,Formal,4324.0,36,Regular,0,3764.0,1,0.026,0
49,3910.0,15,Independiente,15306.0,24,Bueno,3,3854.0,0,0.163,0
59,4466.0,27,Formal,6722.0,48,Regular,5,4430.0,0,0.031,1
51,2848.0,28,Formal,2420.0,36,Bueno,4,803.0,1,0.024,0
52,3880.0,12,Formal,3616.0,60,Bueno,4,4073.0,0,0.016,0
51,3008.0,1,Formal,5048.0,48,Bueno,4,3920.0,0,0.035,0
59,3691.0,9,Independiente,8131.0,48,Bueno,0,6272.0,1,0.046,0
57,3105.0,16,Formal,6309.0,36,Bueno,0,4054.0,0,0.056,0
27,4996.0,11,Formal,4212.0,36,Bueno,0,5425.0,1,0.023,0
61,5233.0,0,Formal,6360.0,48,Bueno,5,2197.0,1,0.025,1
47,4636.0,29,Informal,4420.0,12,Malo,5,817.0,0,0.079,1
36,3205.0,9,Independiente,18091.0,12,Bueno,5,3659.0,1,0.47,1
46,2534.0,18,Independiente,3501.0,60,Bueno,0,2852.0,0,0.023,0
68,5255.0,28,Formal,5420.0,60,Regular,5,7939.0,1,0.017,0
63,4144.0,16,Formal,4987.0,60,Bueno,5,3328.0,0,0.02,0
61,1975.0,20,Formal,5034.0,12,Regular,4,612.0,0,0.212,1
43,4364.0,1,Formal,3735.0,24,Bueno,2,1765.0,0,0.036,0
59,4703.0,20,Formal,14671.0,60,Regular,0,4033.0,0,0.052,0
39,2218.0,25,Informal,21404.0,12,Bueno,2,1246.0,0,0.804,0
54,5028.0,27,Formal,8684.0,36,Bueno,1,1631.0,0,0.048,0
52,2346.0,2,Formal,8272.0,24,Regular,3,455.0,0,0.147,1
33,3074.0,6,Independiente,2699.0,48,Bueno,5,2282.0,1,0.018,1
34,2352.0,1,Formal,14476.0,36,Bueno,2,1429.0,1,0.171,0
23,2952.0,27,Formal,4418.0,24,Bueno,0,5129.0,0,0.062,0
27,2542.0,8,Independiente,2518.0,36,Regular,2,3919.0,0,0.028,0
42,5976.0,15,Informal,9556.0,12,Bueno,4,1974.0,1,0.133,0
44,3773.0,14,Independiente,12411.0,48,Regular,3,5116.0,0,0.069,1
29,3473.0,20,Informal,14397.0,36,Regular,0,3002.0,0,0.115,1
41,6193.0,26,Formal,5459.0,36,Bueno,2,10324.0,0,0.024,1
50,6070.0,9,Independiente,5102.0,36,Malo,2,6645.0,0,0.023,0
32,3578.0,23,Informal,7907.0,24,Regular,0,1314.0,1,0.092,1
37,4602.0,8,Formal,6310.0,12,Bueno,2,1623.0,0,0.114,0
39,3298.0,5,Independiente,9661.0,60,Bueno,4,5742.0,0,0.049,1
45,3989.0,3,Informal,7954.0,36,Bueno,0,6593.0,0,0.055,1
38,2714.0,11,Independiente,4211.0,36,Malo,3,2359.0,0,0.043,1
57,4853.0,16,Formal,14654.0,24,Bueno,3,4926.0,1,0.126,0
37,6287.0,23,Formal,9693.0,60,Bueno,4,6191.0,0,0.026,0
42,5861.0,25,Independiente,12252.0,48,Malo,1,8055.0,0,0.044,1
39,4217.0,15,Informal,4254.0,12,Regular,3,3602.0,0,0.084,0
29,1903.0,12,Formal,9540.0,36,Bueno,4,420.0,1,0.139,0
54,3241.0,5,Formal,10999.0,36,Regular,3,1892.0,1,0.094,1
32,3987.0,27,Formal,7782.0,48,Regular,5,4078.0,0,0.041,0
35,2418.0,11,Formal,3711.0,60,Bueno,1,1528.0,0,0.026,0
59,2262.0,22,Independiente,7382.0,48,Bueno,0,3312.0,1,0.068,0
67,6948.0,18,Independiente,10434.0,48,Regular,5,11855.0,0,0.031,1
53,5600.0,27,Independiente,12710.0,36,Bueno,4,2439.0,0,0.063,1
65,4994.0,29,Independiente,2838.0,24,Malo,2,7993.0,1,0.024,0
62,5354.0,21,Independiente,7696.0,36,Bueno,3,6897.0,0,0.04,0
44,2573.0,19,Independiente,3222.0,48,Regular,5,2718.0,0,0.026,1
58,2915.0,4,Formal,10508.0,24,Regular,5,684.0,0,0.15,0
37,4498.0,0,Formal,12024.0,36,Bueno,4,3327.0,1,0.074,0
43,4630.0,16,Informal,4031.0,12,Bueno,3,8295.0,1,0.073,0
47,2365.0,21,Formal,3604.0,24,Malo,4,2760.0,0,0.063,1
68,4378.0,22,Formal,4964.0,48,Regular,3,4663.0,1,0.024,1
62,4015.0,7,Formal,6442.0,12,Bueno,2,257.0,0,0.134,0
44,5790.0,15,Independiente,4594.0,48,Bueno,4,3344.0,0,0.017,0
52,4638.0,25,Formal,11021.0,24,Bueno,0,4075.0,0,0.099,1
30,7258.0,2,Independiente,12746.0,36,Bueno,4,8383.0,0,0.049,1
60,3586.0,11,Formal,7519.0,60,Bueno,1,5533.0,0,0.035,1
48,2639.0,28,Informal,4682.0,48,Regular,3,2176.0,0,0.037,1
47,7183.0,5,Independiente,6311.0,48,Bueno,3,3549.0,0,0.018,0
58,4729.0,9,Informal,7518.0,24,Regular,1,2394.0,1,0.066,1
52,4023.0,14,Independiente,6158.0,24,Malo,1,998.0,0,0.064,1
24,2956.0,20,Informal,6756.0,48,Malo,1,774.0,0,0.048,1
35,3601.0,7,Formal,12198.0,48,Regular,0,1979.0,1,0.071,0
29,3530.0,23,Formal,4511.0,48,Bueno,5,4871.0,1,0.027,0
57,2595.0,7,Informal,18907.0,48,Bueno,3,1930.0,0,0.152,1
22,1688.0,11,Informal,7642.0,24,Bueno,4,2612.0,1,0.189,0
30,3499.0,17,Informal,5975.0,24,Bueno,0,5978.0,0,0.071,1
50,5405.0,0,Informal,4448.0,60,Malo,5,734.0,1,0.014,1
55,6493.0,23,Independiente,4669.0,36,Regular,1,8308.0,0,0.02,0
45,5876.0,20,Independiente,7129.0,48,Regular,2,902.0,1,0.025,0
63,6006.0,25,Independiente,7613.0,36,Bueno,3,775.0,0,0.035,1
66,2710.0,8,Formal,5856.0,60,Bueno,4,1345.0,0,0.036,0
27,4529.0,11,Independiente,3207.0,48,Malo,0,828.0,1,0.015,0
67,5009.0,26,Informal,7130.0,24,Bueno,5,5977.0,1,0.059,0
51,5129.0,2,Independiente,4719.0,48,Bueno,0,6611.0,1,0.019,0
52,3990.0,14,Formal,2415.0,24,Regular,3,4591.0,1,0.025,0
25,4323.0,14,Independiente,9865.0,36,Regular,1,4477.0,0,0.063,0
51,8283.0,13,Informal,2633.0,48,Bueno,5,11648.0,1,0.007,0
56,5809.0,13,Formal,5716.0,24,Bueno,3,8078.0,0,0.041,0
49,4941.0,22,Formal,6654.0,24,Regular,5,7740.0,0,0.056,0
25,5284.0,5,Independiente,13678.0,36,Malo,5,6593.0,0,0.072,1
46,3438.0,26,Informal,2490.0,60,Bueno,1,2202.0,1,0.012,0
66,5179.0,26,Independiente,10444.0,12,Regular,1,4891.0,0,0.168,1
56,4301.0,5,Independiente,11334.0,48,Bueno,0,3798.0,0,0.055,0
27,5587.0,29,Formal,15915.0,36,Regular,4,1085.0,0,0.079,0
68,3141.0,7,Formal,12504.0,36,Regular,0,4589.0,0,0.111,0
67,5415.0,1,Informal,6777.0,48,Regular,1,8898.0,0,0.026,0
29,3620.0,11,Formal,10696.0,36,Regular,5,6414.0,1,0.082,1
60,5425.0,23,Formal,14037.0,48,Bueno,3,2421.0,0,0.054,0
40,4540.0,25,Formal,2126.0,48,Bueno,2,782.0,0,0.01,0
50,4183.0,19,Formal,3191.0,60,Regular,0,836.0,1,0.013,1
42,3694.0,24,Formal,8044.0,48,Bueno,5,5348.0,1,0.045,1
59,4030.0,7,Independiente,11265.0,12,Regular,5,4583.0,1,0.233,0
69,3502.0,26,Formal,9673.0,48,Bueno,0,4766.0,0,0.058,1
59,3665.0,19,Independiente,8442.0,36,Bueno,4,5972.0,0,0.064,0
66,4891.0,4,Formal,15794.0,12,Regular,1,1992.0,1,0.269,1
67,2095.0,3,Informal,5850.0,36,Bueno,4,1373.0,0,0.078,1
25,5397.0,8,Formal,4608.0,48,Malo,1,7698.0,0,0.018,1
33,5431.0,2,Formal,5233.0,24,Bueno,0,2536.0,1,0.04,0
56,3735.0,8,Formal,8137.0,36,Bueno,4,3402.0,0,0.061,0
49,4365.0,29,Informal,6636.0,36,Bueno,5,3484.0,0,0.042,0
23,2839.0,7,Independiente,11608.0,36,Bueno,4,3042.0,1,0.114,0
25,4773.0,19,Independiente,4756.0,48,Regular,0,8490.0,0,0.021,1
46,2972.0,29,Formal,8716.0,24,Bueno,2,555.0,1,0.122,0
51,1284.0,7,Formal,10716.0,48,Bueno,3,1120.0,0,0.174,0
29,6397.0,20,Informal,14032.0,48,Malo,4,11042.0,1,0.046,1
29,2720.0,13,Formal,3531.0,36,Bueno,4,1703.0,0,0.036,1
27,3997.0,8,Independiente,5175.0,36,Bueno,5,5328.0,0,0.036,0
48,4427.0,28,Informal,6368.0,24,Malo,3,7405.0,0,0.06,1
21,4887.0,19,Independiente,2941.0,24,Regular,5,2117.0,0,0.025,1
49,4130.0,13,Formal,8405.0,36,Bueno,4,605.0,0,0.057,0
44,4573.0,24,Formal,8334.0,24,Malo,1,623.0,1,0.076,0
43,3702.0,27,Formal,7946.0,48,Bueno,4,486.0,0,0.045,1
54,2238.0,23,Informal,6153.0,36,Bueno,0,1412.0,0,0.076,0
46,4071.0,26,Informal,13203.0,12,Bueno,4,925.0,0,0.27,1
56,5138.0,9,Formal,5250.0,24,Malo,1,3746.0,0,0.043,1
58,2783.0,10,Informal,12551.0,48,Bueno,1,3778.0,1,0.094,0
66,4444.0,6,Formal,5184.0,24,Regular,3,2386.0,1,0.049,0
60,7821.0,20,Formal,3475.0,48,Bueno,2,6749.0,1,0.009,0
46,3971.0,24,Formal,6809.0,12,Bueno,3,910.0,1,0.143,0
45,4047.0,19,Informal,7526.0,60,Malo,3,5087.0,0,0.031,1
32,2169.0,17,Formal,8792.0,36,Malo,3,1240.0,0,0.113,1
50,2659.0,23,Formal,1757.0,36,Bueno,3,647.0,0,0.018,0
27,2984.0,5,Formal,5787.0,36,Bueno,1,5128.0,1,0.054,0
66,5062.0,10,Formal,18168.0,24,Regular,4,7012.0,0,0.15,1
62,2854.0,21,Formal,4969.0,48,Bueno,5,3351.0,1,0.036,0
26,1891.0,1,Formal,11350.0,12,Bueno,3,2461.0,1,0.5,0
59,4736.0,27,Informal,28005.0,24,Bueno,3,3627.0,0,0.246,0
26,3087.0,5,Informal,19984.0,24,Malo,4,1658.0,0,0.27,1
56,2201.0,23,Formal,3788.0,36,Bueno,0,1981.0,1,0.048,0
25,5294.0,18,Informal,10838.0,48,Bueno,0,7864.0,1,0.043,0
44,3545.0,25,Informal,11206.0,12,Bueno,3,6150.0,0,0.263,0
53,4901.0,23,Informal,9910.0,48,Bueno,2,5340.0,0,0.042,1
56,2172.0,15,Formal,3428.0,48,Bueno,4,1471.0,1,0.033,0
41,1624.0,22,Informal,7912.0,12,Bueno,5,2099.0,0,0.406,1
66,4287.0,10,Independiente,7882.0,12,Regular,4,5379.0,1,0.153,1
58,2624.0,17,Formal,3151.0,24,Bueno,1,1169.0,0,0.05,0
31,4264.0,27,Independiente,5973.0,12,Bueno,1,3343.0,0,0.117,1
53,4299.0,2,Formal,8106.0,48,Malo,0,1037.0,0,0.039,1
56,4096.0,10,Independiente,6697.0,36,Bueno,0,2966.0,1,0.045,0
37,5988.0,0,Independiente,10305.0,36,Bueno,4,8221.0,1,0.048,0
57,10380.0,16,Formal,5888.0,48,Bueno,4,5865.0,1,0.012,0
65,4705.0,23,Formal,7468.0,24,Regular,1,5361.0,1,0.066,1
61,7818.0,1,Informal,11746.0,48,Regular,4,4611.0,1,0.031,0
58,2116.0,16,Formal,17002.0,36,Regular,2,560.0,1,0.223,0
52,3581.0,12,Informal,3385.0,24,Regular,5,4779.0,0,0.039,1
34,2437.0,23,Independiente,10094.0,36,Bueno,4,2585.0,0,0.115,0
59,3165.0,6,Formal,5362.0,24,Malo,1,4703.0,0,0.071,0
38,3661.0,4,Independiente,8854.0,60,Bueno,2,4474.0,1,0.04,1
47,8081.0,2,Informal,3235.0,36,Bueno,1,11887.0,0,0.011,1
36,4183.0,12,Informal,13356.0,48,Bueno,5,1167.0,0,0.067,1
36,6073.0,14,Formal,4429.0,60,Bueno,3,6718.0,0,0.012,0
28,3469.0,27,Formal,11861.0,36,Bueno,5,2294.0,1,0.095,0
68,3312.0,13,Formal,3494.0,48,Bueno,3,4450.0,0,0.022,1
28,2138.0,5,Independiente,2848.0,36,Regular,3,2232.0,1,0.037,1
25,7977.0,20,Formal,6238.0,12,Regular,1,778.0,1,0.065,0
66,6840.0,1,Formal,7954.0,60,Regular,5,6569.0,1,0.019,0
48,4461.0,10,Formal,20974.0,36,Bueno,4,5977.0,1,0.131,0
42,3742.0,19,Informal,7848.0,48,Bueno,1,1770.0,0,0.044,0
57,4243.0,7,Formal,3782.0,36,Regular,5,4999.0,0,0.025,1
39,2400.0,17,Independiente,10828.0,12,Bueno,1,3633.0,0,0.376,1
27,4897.0,13,Formal,14566.0,36,Bueno,0,574.0,0,0.083,1
56,6619.0,28,Independiente,4286.0,24,Bueno,4,6887.0,0,0.027,0
29,6749.0,8,Independiente,11626.0,24,Bueno,4,10783.0,0,0.072,0
48,2172.0,27,Informal,13575.0,48,Bueno,3,494.0,0,0.13,0
67,6052.0,18,Independiente,10971.0,12,Regular,4,2933.0,1,0.151,1
66,2406.0,22,Formal,4823.0,60,Regular,1,2711.0,1,0.033,0
38,1667.0,5,Formal,8001.0,36,Malo,1,1756.0,0,0.133,1
59,6140.0,0,Formal,8847.0,36,Bueno,2,8769.0,0,0.04,0
51,3364.0,21,Formal,13143.0,24,Bueno,1,3809.0,0,0.163,0
44,5807.0,14,Informal,5011.0,12,Regular,1,6019.0,1,0.072,1
27,5609.0,9,Formal,11784.0,36,Bueno,0,4562.0,0,0.058,0
39,5338.0,26,Informal,6565.0,24,Bueno,1,752.0,0,0.051,1
52,4224.0,9,Formal,5787.0,36,Regular,3,4494.0,1,0.038,0
69,2508.0,13,Informal,7318.0,36,Bueno,2,707.0,0,0.081,1
21,3664.0,21,Informal,1575.0,24,Bueno,2,6568.0,0,0.018,1
56,6793.0,28,Independiente,1897.0,36,Bueno,5,960.0,1,0.008,0
62,5864.0,26,Formal,2234.0,24,Regular,0,799.0,1,0.016,0
67,3737.0,19,Informal,9063.0,24,Bueno,5,5296.0,0,0.101,1
41,3719.0,3,Informal,6166.0,48,Bueno,0,677.0,0,0.035,1
26,5157.0,3,Formal,4832.0,12,Bueno,3,3760.0,1,0.078,0
34,4339.0,20,Informal,6956.0,24,Regular,0,7244.0,0,0.067,1
62,3810.0,15,Informal,11934.0,36,Malo,2,5403.0,1,0.087,1
64,4994.0,3,Formal,6776.0,36,Malo,5,2093.0,1,0.038,0
52,4931.0,20,Formal,3722.0,60,Regular,0,2228.0,0,0.013,0
27,3198.0,28,Formal,22824.0,48,Bueno,3,3409.0,0,0.149,0
26,4663.0,1,Formal,7155.0,48,Bueno,2,4083.0,0,0.032,1
44,4818.0,24,Informal,13640.0,36,Bueno,2,1012.0,1,0.079,0
49,4103.0,10,Informal,11027.0,36,Bueno,3,1172.0,1,0.075,0
22,3069.0,11,Formal,5570.0,12,Regular,1,4435.0,1,0.151,0
54,3621.0,21,Independiente,16867.0,48,Bueno,4,2247.0,0,0.097,0
47,2835.0,7,Independiente,5063.0,36,Malo,1,4077.0,1,0.05,0
21,4711.0,4,Formal,8976.0,24,Bueno,2,1610.0,1,0.079,0
25,2177.0,28,Independiente,8325.0,36,Regular,2,2349.0,0,0.106,0
43,7066.0,10,Independiente,8763.0,48,Malo,5,6424.0,0,0.026,1
56,6498.0,5,Formal,15329.0,36,Bueno,3,3818.0,0,0.066,0
61,4862.0,20,Formal,7261.0,12,Regular,5,5326.0,1,0.124,0
42,5733.0,6,Informal,8044.0,60,Regular,0,1285.0,1,0.023,1
35,5587.0,23,Formal,8268.0,12,Regular,0,8613.0,0,0.123,0
68,4364.0,2,Formal,20488.0,60,Regular,3,5839.0,0,0.078,1
43,3850.0,15,Informal,13080.0,36,Bueno,5,1989.0,0,0.094,0
36,3686.0,12,Informal,2765.0,60,Bueno,1,3849.0,0,0.013,0
42,7168.0,28,Independiente,5174.0,60,Regular,1,11640.0,0,0.012,0
21,3027.0,15,Formal,7546.0,36,Regular,0,2301.0,0,0.069,1
35,3050.0,27,Independiente,15156.0,48,Regular,5,1995.0,1,0.104,0
46,5926.0,7,Independiente,15964.0,12,Bueno,0,8522.0,1,0.224,0
66,5712.0,14,Formal,7022.0,12,Bueno,3,12.0,1,0.102,0
57,3766.0,24,Formal,5076.0,24,Bueno,2,4653.0,0,0.056,1
59,5058.0,4,Formal,6475.0,36,Malo,2,1965.0,1,0.036,0
47,5309.0,27,Independiente,7701.0,12,Bueno,4,6634.0,1,0.121,0
26,2462.0,23,Informal,6225.0,36,Bueno,2,1941.0,0,0.07,0
40,6661.0,20,Independiente,13828.0,60,Bueno,0,243.0,0,0.035,1
69,5309.0,7,Formal,5885.0,48,Bueno,3,8355.0,0,0.023,0
23,4896.0,24,Formal,4319.0,24,Bueno,0,4817.0,0,0.037,1
64,5324.0,25,Independiente,6396.0,36,Regular,5,3005.0,1,0.033,0
54,4674.0,8,Formal,8562.0,24,Bueno,5,5918.0,0,0.076,0
34,4014.0,17,Formal,13969.0,24,Bueno,5,3583.0,0,0.145,0
59,1858.0,1,Informal,4123.0,60,Bueno,2,117.0,0,0.037,1
62,4379.0,11,Informal,8592.0,60,Bueno,2,5125.0,0,0.033,0
23,2377.0,4,Informal,8738.0,24,Regular,3,4148.0,0,0.153,1
26,8265.0,16,Formal,9649.0,24,Malo,5,3302.0,0,0.049,1
53,3989.0,16,Informal,5882.0,24,Regular,4,6196.0,0,0.061,1
69,8208.0,15,Independiente,9559.0,36,Malo,2,9175.0,0,0.032,1
22,4407.0,20,Independiente,10874.0,12,Bueno,4,618.0,0,0.206,0
53,3300.0,27,Formal,5846.0,12,Malo,2,4336.0,0,0.148,1
27,6586.0,5,Formal,8038.0,36,Bueno,4,5234.0,0,0.034,0
52,4821.0,6,Formal,6619.0,24,Regular,1,6888.0,0,0.057,0
51,9443.0,6,Informal,4658.0,48,Regular,2,10806.0,0,0.01,1
25,3268.0,27,Independiente,3284.0,48,Bueno,4,16.0,1,0.021,0
54,6693.0,2,Informal,5061.0,36,Bueno,1,1522.0,1,0.021,1
64,9234.0,0,Independiente,5271.0,36,Bueno,3,5858.0,0,0.016,0
63,6832.0,4,Formal,3253.0,48,Bueno,1,5926.0,0,0.01,0
22,5477.0,23,Formal,9215.0,24,Bueno,2,9189.0,1,0.07,1
33,6854.0,17,Formal,11297.0,48,Malo,1,10141.0,0,0.034,0
32,4023.0,27,Informal,6518.0,12,Bueno,3,5805.0,1,0.135,0
43,3021.0,6,Formal,7068.0,60,Regular,4,2934.0,0,0.039,1
28,3412.0,11,Formal,5472.0,12,Bueno,5,570.0,1,0.134,0
62,4293.0,16,Independiente,6846.0,48,Bueno,2,5763.0,0,0.033,0
59,5584.0,2,Informal,9598.0,12,Bueno,1,870.0,0,0.143,0
60,3101.0,27,Independiente,8602.0,48,Bueno,5,510.0,0,0.058,0
30,3688.0,24,Formal,6823.0,36,Bueno,2,1693.0,1,0.051,0
21,3195.0,4,Independiente,5270.0,12,Bueno,3,5306.0,0,0.137,0
65,5963.0,25,Formal,10786.0,48,Bueno,2,8049.0,0,0.038,0
35,8182.0,13,Independiente,5580.0,12,Bueno,5,1129.0,1,0.057,0
53,2828.0,10,Independiente,3407.0,36,Regular,0,4678.0,1,0.033,0
65,5148.0,28,Formal,7775.0,24,Regular,0,7259.0,0,0.063,0
22,6250.0,15,Formal,2470.0,48,Bueno,2,6791.0,1,0.008,0
21,3890.0,6,Formal,8410.0,48,Regular,2,889.0,1,0.045,0
21,2425.0,24,Formal,8751.0,36,Malo,4,1397.0,0,0.1,1
28,6562.0,21,Independiente,5030.0,48,Bueno,2,3552.0,0,0.016,0
23,2368.0,5,Formal,5445.0,60,Bueno,1,2728.0,0,0.038,0
61,7306.0,20,Formal,11625.0,36,Bueno,0,7731.0,0,0.044,1
50,3170.0,18,Independiente,19414.0,24,Bueno,4,1582.0,0,0.255,0
69,2238.0,8,Independiente,7288.0,36,Regular,3,1253.0,1,0.09,0
60,3508.0,12,Informal,1925.0,24,Regular,5,3274.0,1,0.023,1
68,4164.0,25,Informal,5089.0,36,Bueno,1,6336.0,1,0.034,1
32,4495.0,5,Formal,8794.0,24,Bueno,1,1021.0,0,0.082,0
35,5312.0,21,Formal,6675.0,48,Regular,1,6939.0,0,0.026,1
62,4648.0,24,Independiente,8475.0,36,Bueno,2,8330.0,0,0.051,1
32,7913.0,28,Independiente,7789.0,36,Bueno,0,10679.0,0,0.027,1
23,4090.0,9,Formal,7897.0,12,Bueno,0,3251.0,1,0.161,0
53,4742.0,7,Informal,2016.0,12,Malo,4,6245.0,0,0.035,1
60,4592.0,28,Independiente,5436.0,48,Regular,4,7114.0,1,0.025,0
68,2138.0,13,Formal,5146.0,36,Regular,3,2957.0,1,0.067,0
66,2629.0,17,Independiente,5105.0,60,Regular,2,60.0,1,0.032,1
26,4299.0,15,Formal,9994.0,36,Bueno,2,1018.0,1,0.065,0
58,4960.0,15,Informal,3591.0,24,Bueno,3,957.0,1,0.03,0
62,1829.0,18,Formal,2022.0,36,Regular,1,105.0,0,0.031,1
55,8059.0,12,Independiente,5040.0,48,Malo,4,10365.0,0,0.013,0
61,5112.0,11,Independiente,4466.0,12,Bueno,0,2460.0,0,0.073,0
62,4208.0,12,Formal,7315.0,36,Bueno,4,5468.0,1,0.048,0
42,5022.0,19,Independiente,4448.0,24,Malo,4,6021.0,0,0.037,0
22,3432.0,24,Formal,6141.0,24,Bueno,3,3235.0,0,0.075,0
43,4513.0,16,Formal,5657.0,12,Bueno,1,485.0,0,0.104,0
30,4785.0,20,Formal,13586.0,36,Bueno,5,2630.0,0,0.079,0
26,6592.0,12,Informal,4514.0,48,Bueno,4,322.0,0,0.014,0
27,3952.0,23,Informal,9672.0,24,Regular,5,6474.0,0,0.102,0
55,2393.0,11,Formal,6799.0,48,Regular,0,1329.0,0,0.059,1
45,2991.0,12,Informal,11763.0,48,Bueno,3,511.0,1,0.082,0
47,3833.0,1,Informal,15819.0,36,Bueno,0,17.0,1,0.115,0
57,2493.0,7,Formal,6740.0,12,Bueno,0,2744.0,0,0.225,0
47,2869.0,22,Informal,2515.0,24,Bueno,0,3207.0,0,0.037,0
51,3002.0,2,Formal,3606.0,24,Bueno,4,5376.0,0,0.05,1
25,3736.0,6,Informal,3121.0,60,Bueno,4,1941.0,0,0.014,1
62,5086.0,23,Independiente,5453.0,48,Malo,5,426.0,1,0.022,0
42,3669.0,26,Informal,4979.0,12,Malo,3,5147.0,0,0.113,0
28,5217.0,12,Formal,7998.0,36,Bueno,3,2860.0,0,0.043,1
60,4209.0,12,Formal,11275.0,24,Regular,1,2505.0,1,0.112,0
56,2906.0,15,Informal,2363.0,12,Malo,4,4748.0,0,0.068,1
23,4816.0,23,Independiente,7086.0,24,Bueno,5,4988.0,0,0.061,0
30,4535.0,14,Independiente,4586.0,12,Malo,2,3268.0,0,0.084,1
21,5269.0,5,Independiente,7222.0,24,Bueno,4,9015.0,0,0.057,0
34,5681.0,12,Independiente,5465.0,24,Regular,3,2713.0,1,0.04,0
25,6673.0,7,Formal,10263.0,36,Bueno,3,258.0,1,0.043,1
55,5151.0,20,Formal,3754.0,36,Bueno,4,2141.0,1,0.02,0
46,4479.0,4,Formal,4754.0,36,Regular,1,356.0,1,0.029,0
69,5279.0,18,Formal,6481.0,24,Regular,5,3874.0,0,0.051,0
57,3533.0,3,Informal,5788.0,36,Bueno,5,5285.0,0,0.046,1
50,3435.0,29,Formal,6459.0,36,Regular,0,6030.0,1,0.052,0
45,7027.0,19,Formal,2701.0,60,Malo,3,8858.0,0,0.006,1
23,3397.0,4,Formal,14537.0,12,Malo,0,5663.0,0,0.357,1
24,3031.0,28,Informal,5232.0,36,Regular,2,2229.0,1,0.048,0
51,5150.0,17,Formal,3902.0,24,Bueno,2,2806.0,0,0.032,0
21,3545.0,18,Formal,6565.0,24,Bueno,3,984.0,1,0.077,0
23,5659.0,1,Informal,7119.0,36,Bueno,2,5102.0,0,0.035,1
31,6482.0,5,Formal,17963.0,48,Regular,2,3815.0,0,0.058,1
64,3190.0,24,Independiente,12253.0,60,Regular,4,617.0,1,0.064,0
43,5385.0,14,Formal,5722.0,36,Malo,4,9033.0,0,0.03,1
55,3367.0,18,Independiente,16255.0,24,Bueno,0,750.0,0,0.201,1
41,3864.0,29,Formal,14555.0,48,Malo,2,5145.0,0,0.078,1
29,4732.0,12,Formal,3923.0,24,Malo,4,580.0,0,0.035,0
39,3438.0,11,Formal,20216.0,36,Regular,0,3262.0,0,0.163,0
25,4572.0,24,Independiente,5285.0,48,Malo,3,5553.0,0,0.024,0
58,3984.0,1,Informal,7584.0,36,Bueno,2,1682.0,0,0.053,1
29,5707.0,13,Formal,13362.0,36,Bueno,4,777.0,1,0.065,0
39,5713.0,25,Independiente,2370.0,12,Bueno,4,6102.0,1,0.035,0
69,3444.0,6,Formal,6462.0,12,Bueno,3,3738.0,0,0.156,1
50,4773.0,9,Independiente,8235.0,60,Bueno,2,2680.0,0,0.029,1
43,6041.0,14,Informal,12008.0,24,Regular,4,4091.0,0,0.083,1
47,2851.0,2,Formal,6930.0,24,Bueno,2,234.0,0,0.101,0
59,3974.0,2,Formal,2388.0,36,Bueno,2,2116.0,0,0.017,1
33,4695.0,7,Independiente,17890.0,24,Bueno,2,7459.0,1,0.159,0
52,2806.0,26,Informal,7069.0,12,Regular,2,865.0,0,0.21,1
63,3597.0,6,Independiente,8412.0,24,Malo,3,3030.0,0,0.097,1
49,7584.0,21,Formal,2877.0,36,Bueno,3,9239.0,0,0.011,0
42,3394.0,12,Independiente,14210.0,36,Regular,5,4905.0,0,0.116,1
28,3533.0,22,Formal,5328.0,48,Malo,2,516.0,1,0.031,0
33,2238.0,9,Informal,4596.0,24,Regular,4,2384.0,0,0.086,1
67,5129.0,26,Informal,12521.0,60,Regular,1,5791.0,0,0.041,1
47,2680.0,11,Informal,3074.0,24,Regular,5,952.0,0,0.048,0
35,4007.0,23,Informal,8479.0,24,Malo,5,222.0,0,0.088,0
41,3042.0,24,Informal,4516.0,60,Bueno,3,4623.0,1,0.025,0
49,4569.0,12,Formal,9030.0,48,Regular,4,3619.0,1,0.041,0
47,1332.0,20,Informal,10347.0,24,Bueno,3,146.0,1,0.324,1
55,4335.0,3,Formal,5222.0,24,Bueno,1,4510.0,0,0.05,0
33,4743.0,14,Formal,13762.0,48,Regular,5,3218.0,0,0.06,1
52,3631.0,11,Formal,7076.0,12,Regular,4,524.0,0,0.162,0
42,3716.0,28,Formal,18033.0,24,Malo,2,1920.0,0,0.202,0
67,3466.0,28,Formal,12606.0,36,Malo,1,2039.0,1,0.101,0
28,3987.0,23,Independiente,7521.0,48,Regular,4,4126.0,0,0.039,0
28,7064.0,28,Formal,7490.0,36,Bueno,2,5128.0,0,0.029,0
43,5775.0,29,Formal,3257.0,36,Malo,4,1112.0,0,0.016,1
45,3986.0,23,Formal,12512.0,60,Bueno,1,4558.0,1,0.052,0
54,3597.0,17,Independiente,4938.0,12,Bueno,3,4719.0,0,0.114,0
40,5570.0,6,Independiente,7973.0,48,Bueno,0,5086.0,0,0.03,0
65,4460.0,24,Independiente,17946.0,12,Regular,4,509.0,0,0.335,1
44,2780.0,5,Independiente,13623.0,48,Regular,2,517.0,1,0.102,1
27,3815.0,5,Independiente,4070.0,36,Regular,1,6487.0,0,0.03,1
26,6771.0,26,Formal,7098.0,24,Bueno,3,2308.0,0,0.044,1
68,5052.0,3,Independiente,8423.0,36,Regular,3,2796.0,0,0.046,1
27,3612.0,4,Formal,14533.0,48,Regular,1,4470.0,0,0.084,1
67,2331.0,15,Formal,13376.0,36,Malo,5,3322.0,1,0.159,1
34,4561.0,17,Informal,9624.0,12,Bueno,0,7479.0,0,0.176,0
25,4218.0,1,Formal,9130.0,12,Regular,1,3000.0,1,0.18,1
35,3940.0,11,Informal,7025.0,36,Regular,1,7037.0,0,0.05,1
51,5593.0,6,Formal,8288.0,36,Bueno,5,1046.0,0,0.041,1
41,5076.0,9,Independiente,6131.0,36,Bueno,1,7552.0,0,0.034,0
59,2361.0,5,Formal,10879.0,24,Bueno,1,1156.0,0,0.192,1
50,4227.0,20,Informal,9392.0,48,Bueno,3,7130.0,0,0.046,0
40,2576.0,14,Informal,12268.0,24,Bueno,1,4030.0,1,0.198,0
52,3487.0,28,Formal,12082.0,12,Regular,1,4784.0,0,0.289,0
68,2505.0,0,Formal,4925.0,36,Regular,1,2722.0,0,0.055,0
41,2539.0,23,Independiente,1741.0,36,Regular,3,980.0,0,0.019,1
28,4768.0,27,Formal,4709.0,60,Bueno,4,3964.0,1,0.016,0
41,4593.0,14,Formal,8253.0,36,Bueno,2,288.0,1,0.05,0
62,4111.0,20,Informal,6137.0,24,Regular,5,5249.0,0,0.062,1
31,3376.0,13,Independiente,5995.0,48,Regular,1,704.0,1,0.037,0
67,2438.0,17,Formal,4546.0,24,Regular,5,1133.0,1,0.078,0
49,3493.0,27,Formal,8895.0,60,Regular,4,1541.0,1,0.042,0
50,4600.0,15,Formal,2430.0,24,Malo,0,6524.0,0,0.022,0
36,4561.0,17,Informal,9583.0,60,Malo,4,3289.0,0,0.035,1
66,6717.0,29,Formal,9679.0,48,Regular,5,6463.0,1,0.03,0
22,6345.0,14,Formal,12122.0,48,Bueno,4,2383.0,0,0.04,0
35,4171.0,5,Formal,29527.0,12,Bueno,1,2508.0,1,0.59,0
41,3480.0,20,Informal,1618.0,48,Regular,2,3207.0,1,0.01,1
44,3070.0,20,Formal,9444.0,48,Bueno,5,1073.0,0,0.064,0
44,2301.0,7,Independiente,10471.0,24,Bueno,1,2857.0,0,0.19,0
28,2679.0,21,Formal,4716.0,36,Bueno,2,2166.0,1,0.049,0
32,7607.0,1,Informal,6382.0,36,Malo,3,13469.0,0,0.023,1
25,4603.0,9,Formal,5370.0,60,Bueno,4,2043.0,1,0.019,1
49,5207.0,25,Informal,9776.0,48,Regular,5,3712.0,1,0.039,1
38,3737.0,18,Informal,12844.0,36,Malo,4,6220.0,0,0.095,1
48,9313.0,18,Formal,3520.0,36,Regular,2,14852.0,1,0.01,1
49,2688.0,18,Formal,8957.0,24,Bueno,2,2343.0,0,0.139,0
55,2219.0,4,Informal,14294.0,36,Regular,3,494.0,0,0.179,1
47,9247.0,28,Formal,4918.0,48,Regular,0,6804.0,1,0.011,0
52,2395.0,8,Informal,1404.0,36,Bueno,2,2532.0,0,0.016,1
49,3718.0,23,Informal,4242.0,48,Regular,2,1701.0,0,0.024,0
52,3165.0,29,Formal,3962.0,36,Bueno,5,1089.0,0,0.035,1
51,4729.0,7,Formal,4376.0,24,Regular,5,4524.0,0,0.039,1
36,3616.0,19,Formal,17775.0,48,Malo,1,1146.0,0,0.102,0
33,5213.0,1,Independiente,20026.0,12,Bueno,3,8206.0,1,0.32,0
59,5636.0,19,Formal,15299.0,60,Malo,2,753.0,0,0.045,1
37,2292.0,13,Independiente,6064.0,60,Bueno,4,4074.0,0,0.044,0
47,3034.0,2,Independiente,15621.0,48,Malo,2,2938.0,1,0.107,0
30,5380.0,20,Informal,1759.0,48,Regular,3,9525.0,1,0.007,0
42,6059.0,29,Formal,3828.0,36,Bueno,4,8196.0,0,0.018,0
46,4416.0,2,Formal,11023.0,36,Malo,4,1215.0,0,0.069,1
51,4859.0,26,Formal,5169.0,48,Malo,4,1989.0,1,0.022,1
46,6882.0,25,Formal,3537.0,24,Bueno,1,1325.0,0,0.021,1
38,3632.0,16,Formal,8806.0,48,Regular,4,4766.0,1,0.051,1
68,4398.0,27,Informal,8926.0,24,Bueno,1,1335.0,0,0.085,1
46,6348.0,9,Formal,9411.0,48,Bueno,4,8165.0,0,0.031,0
60,6500.0,21,Formal,10003.0,36,Bueno,5,10056.0,1,0.043,0
57,3998.0,20,Independiente,8565.0,48,Bueno,2,2963.0,0,0.045,1
48,3069.0,17,Independiente,6728.0,36,Bueno,5,3652.0,1,0.061,1
64,3982.0,25,Formal,7437.0,36,Bueno,0,6416.0,0,0.052,0
27,4124.0,26,Formal,11107.0,60,Malo,2,5591.0,0,0.045,1
66,3028.0,23,Formal,8389.0,36,Bueno,5,713.0,0,0.077,0
62,3193.0,17,Formal,5499.0,24,Regular,4,1681.0,0,0.072,0
45,6504.0,29,Formal,4670.0,12,Bueno,1,6271.0,1,0.06,0
56,4943.0,16,Formal,7401.0,36,Bueno,3,2351.0,1,0.042,0
46,3725.0,19,Independiente,14258.0,36,Regular,0,3392.0,1,0.106,0
34,2749.0,5,Informal,10088.0,36,Bueno,4,4715.0,0,0.102,1
60,3207.0,9,Formal,14672.0,12,Bueno,0,2616.0,0,0.381,0
33,2155.0,27,Formal,6006.0,12,Malo,3,1015.0,0,0.232,1
36,4458.0,14,Informal,8047.0,48,Bueno,2,1176.0,1,0.038,0
46,3143.0,15,Independiente,8720.0,36,Bueno,3,5098.0,0,0.077,1
62,4589.0,24,Independiente,11387.0,12,Regular,2,1898.0,1,0.207,0
39,5359.0,9,Informal,6011.0,12,Bueno,0,1868.0,0,0.093,1
45,4614.0,7,Independiente,10073.0,24,Regular,3,4577.0,1,0.091,1
23,3557.0,0,Independiente,13820.0,48,Bueno,5,2956.0,1,0.081,0
26,2972.0,6,Formal,6936.0,48,Bueno,3,2063.0,0,0.049,1
23,2604.0,15,Informal,4333.0,36,Bueno,0,2712.0,0,0.046,0
24,6262.0,21,Independiente,14075.0,36,Bueno,0,6418.0,0,0.062,0
63,4540.0,9,Formal,10579.0,48,Regular,1,559.0,0,0.049,0
62,3631.0,13,Independiente,3065.0,24,Malo,1,2712.0,1,0.035,1
61,5095.0,6,Formal,7028.0,24,Regular,0,6612.0,1,0.057,0
23,5881.0,24,Independiente,18363.0,36,Bueno,5,4040.0,0,0.087,1
24,3167.0,15,Formal,9635.0,60,Malo,4,5687.0,0,0.051,1
34,4489.0,4,Independiente,7394.0,36,Regular,4,1902.0,0,0.046,1
48,4523.0,18,Formal,4017.0,36,Bueno,5,4041.0,1,0.025,0
37,6768.0,10,Independiente,4011.0,48,Bueno,5,8210.0,1,0.012,0
44,3613.0,25,Independiente,11007.0,24,Bueno,1,3563.0,0,0.127,0
29,2933.0,8,Formal,4225.0,36,Bueno,0,206.0,1,0.04,0
56,4672.0,25,Formal,8755.0,36,Bueno,4,4320.0,0,0.052,0
36,5252.0,20,Formal,6924.0,60,Bueno,5,9136.0,1,0.022,0
24,4354.0,4,Independiente,8469.0,24,Malo,4,3187.0,0,0.081,1
57,6946.0,22,Informal,6595.0,36,Bueno,5,1453.0,0,0.026,1
65,3609.0,21,Formal,9394.0,60,Bueno,3,138.0,1,0.043,0
21,4394.0,13,Independiente,12081.0,48,Malo,2,3261.0,0,0.057,1
42,2358.0,4,Informal,6657.0,36,Bueno,0,786.0,0,0.078,1
61,2874.0,14,Independiente,11513.0,24,Bueno,4,4318.0,0,0.167,0
55,3174.0,18,Formal,15020.0,24,Bueno,1,5440.0,1,0.197,0
62,3828.0,3,Formal,8715.0,24,Regular,1,6481.0,1,0.095,0
41,2495.0,10,Informal,10855.0,24,Bueno,5,1682.0,0,0.181,1
39,5069.0,21,Formal,3543.0,48,Regular,3,4149.0,1,0.015,0
55,3072.0,16,Formal,6735.0,48,Regular,2,1742.0,0,0.046,1
28,8641.0,29,Independiente,2855.0,48,Regular,4,2007.0,1,0.007,0
32,3112.0,6,Formal,5430.0,24,Malo,4,3132.0,0,0.073,1
50,4228.0,23,Independiente,6784.0,24,Regular,2,1417.0,0,0.067,0
53,4035.0,12,Informal,19224.0,48,Regular,5,431.0,1,0.099,1
26,2786.0,6,Informal,4708.0,24,Bueno,0,4260.0,1,0.07,1
45,3833.0,28,Independiente,7205.0,12,Bueno,2,5509.0,0,0.157,1
38,3816.0,18,Informal,4232.0,24,Bueno,2,6362.0,0,0.046,0
45,5638.0,16,Informal,6467.0,24,Bueno,0,3323.0,0,0.048,1
67,4736.0,8,Informal,9478.0,12,Bueno,4,7423.0,0,0.167,1
24,5041.0,26,Informal,10316.0,24,Regular,0,3615.0,0,0.085,1
69,5592.0,0,Informal,5993.0,48,Bueno,4,733.0,0,0.022,0
43,5071.0,3,Formal,5100.0,12,Regular,4,4179.0,1,0.084,0
58,4475.0,5,Formal,1225.0,36,Bueno,2,4461.0,0,0.008,1
41,3164.0,19,Formal,16080.0,36,Malo,1,2461.0,0,0.141,0
36,4371.0,3,Independiente,5745.0,36,Bueno,5,6180.0,0,0.037,0
58,2950.0,23,Informal,1949.0,36,Regular,4,1868.0,0,0.018,1
54,3940.0,5,Informal,13860.0,12,Regular,0,6532.0,1,0.293,0
28,3754.0,20,Informal,2234.0,12,Bueno,4,501.0,1,0.05,0
55,3841.0,23,Informal,13872.0,36,Regular,0,4981.0,1,0.1,0
57,2504.0,26,Independiente,2891.0,60,Malo,3,4187.0,1,0.019,1
40,1340.0,8,Formal,3246.0,36,Regular,1,1334.0,0,0.067,0
66,3504.0,2,Independiente,3765.0,36,Malo,3,5542.0,0,0.03,1
52,6077.0,22,Formal,5486.0,60,Bueno,4,7568.0,1,0.015,0
37,4205.0,13,Independiente,13945.0,48,Malo,4,110.0,1,0.069,1
21,5910.0,28,Independiente,3835.0,48,Malo,4,7141.0,1,0.014,0
54,2957.0,5,Formal,9463.0,36,Regular,4,3495.0,0,0.089,0
31,3442.0,17,Independiente,8357.0,48,Regular,4,0.0,0,0.051,1
58,8848.0,3,Independiente,7575.0,36,Regular,5,6516.0,1,0.024,1
46,3021.0,14,Independiente,12560.0,36,Bueno,5,211.0,0,0.115,0
43,5005.0,0,Informal,7927.0,48,Regular,4,2640.0,0,0.033,1
29,5002.0,22,Formal,8267.0,36,Bueno,2,8883.0,0,0.046,0
55,4800.0,18,Informal,10803.0,60,Regular,1,8124.0,0,0.038,0
29,5028.0,2,Formal,5593.0,60,Bueno,1,6198.0,0,0.019,0
41,3006.0,14,Formal,7244.0,36,Regular,3,1985.0,1,0.067,0
61,3566.0,12,Formal,8708.0,24,Bueno,3,2545.0,0,0.102,1
66,1465.0,20,Informal,11906.0,48,Bueno,2,101.0,0,0.169,1
69,6855.0,14,Informal,6731.0,24,Bueno,2,4174.0,1,0.041,0
67,5017.0,13,Formal,7174.0,36,Bueno,4,7083.0,0,0.04,0
48,3176.0,24,Independiente,9343.0,12,Regular,3,2969.0,0,0.245,1
30,2968.0,15,Informal,6803.0,48,Bueno,0,2547.0,0,0.048,1
62,6117.0,24,Informal,4775.0,60,Bueno,0,1003.0,0,0.013,0
60,3095.0,26,Formal,10792.0,12,Bueno,1,5120.0,1,0.291,1
69,3172.0,25,Formal,7952.0,48,Bueno,2,1616.0,0,0.052,0
52,2743.0,28,Formal,5840.0,48,Bueno,4,1891.0,1,0.044,1
27,5364.0,20,Informal,3761.0,12,Bueno,2,3193.0,1,0.058,1
45,5878.0,16,Formal,2263.0,24,Regular,2,3478.0,0,0.016,1
42,3762.0,15,Independiente,9607.0,24,Regular,0,4058.0,1,0.106,0
62,5892.0,6,Informal,4710.0,48,Malo,0,6650.0,0,0.017,0
40,4651.0,24,Formal,2784.0,36,Bueno,5,5011.0,1,0.017,0
37,2683.0,20,Independiente,4386.0,12,Bueno,5,331.0,0,0.136,0
24,6664.0,26,Informal,8685.0,24,Bueno,0,11630.0,1,0.054,1
61,2732.0,21,Formal,4684.0,36,Regular,2,3511.0,1,0.048,0
58,3862.0,14,Formal,8782.0,12,Bueno,5,6136.0,0,0.189,1
23,3766.0,8,Formal,5270.0,36,Bueno,4,1082.0,0,0.039,0
42,3525.0,29,Independiente,7219.0,12,Regular,0,5914.0,0,0.171,0
44,1906.0,22,Formal,7574.0,48,Bueno,2,2476.0,0,0.083,0
43,8111.0,26,Formal,10478.0,48,Bueno,5,7310.0,1,0.027,0
66,2000.0,17,Formal,10658.0,48,Regular,1,83.0,1,0.111,0
28,6823.0,15,Independiente,7353.0,24,Regular,3,3109.0,1,0.045,0
36,2932.0,1,Informal,4131.0,36,Bueno,1,4427.0,0,0.039,0
29,3283.0,2,Independiente,13299.0,48,Bueno,1,2241.0,0,0.084,0
32,6566.0,21,Independiente,5771.0,36,Bueno,5,8016.0,0,0.024,0
65,4835.0,6,Informal,1530.0,12,Bueno,1,6360.0,0,0.026,0
67,2387.0,2,Independiente,8507.0,12,Bueno,3,3333.0,1,0.297,0
23,2369.0,23,Independiente,8698.0,36,Bueno,2,1630.0,0,0.102,0
51,4574.0,18,Formal,5904.0,36,Bueno,3,7491.0,0,0.036,0
32,2715.0,3,Formal,2901.0,60,Bueno,4,1428.0,0,0.018,1
30,4919.0,14,Formal,2540.0,48,Regular,3,7403.0,0,0.011,1
35,5105.0,14,Independiente,6158.0,48,Regular,0,3903.0,0,0.025,1
30,3045.0,0,Informal,3895.0,60,Bueno,1,1284.0,1,0.021,0
45,3348.0,18,Formal,11884.0,36,Regular,1,2070.0,1,0.099,0
69,4629.0,11,Formal,6021.0,12,Malo,4,6662.0,1,0.108,0
49,2996.0,26,Informal,5606.0,12,Bueno,4,3316.0,1,0.156,0
56,4207.0,3,Informal,18137.0,48,Regular,0,1035.0,1,0.09,1
45,9063.0,25,Independiente,1676.0,24,Bueno,3,2022.0,1,0.008,1
21,4711.0,0,Formal,7184.0,60,Malo,2,5827.0,0,0.025,1
25,3543.0,22,Independiente,2309.0,12,Bueno,2,1527.0,1,0.054,0
34,8438.0,23,Formal,14051.0,24,Bueno,5,3169.0,0,0.069,0
32,5507.0,12,Independiente,2751.0,48,Malo,0,7430.0,0,0.01,1
62,2739.0,8,Independiente,8891.0,48,Regular,4,1591.0,1,0.068,1
62,2927.0,4,Informal,8203.0,48,Bueno,3,360.0,1,0.058,0
62,2084.0,10,Formal,2280.0,12,Regular,1,1594.0,1,0.091,1
52,4598.0,20,Informal,8928.0,24,Malo,1,4711.0,1,0.081,1
48,1783.0,21,Formal,5257.0,36,Bueno,0,1930.0,1,0.082,0
52,8434.0,5,Formal,9885.0,60,Bueno,3,888.0,0,0.02,0
40,3699.0,0,Informal,5056.0,24,Bueno,3,3020.0,1,0.057,0
53,5635.0,16,Formal,8947.0,36,Malo,1,3647.0,0,0.044,0
59,3577.0,17,Formal,6784.0,12,Bueno,2,2891.0,0,0.158,0
58,4568.0,29,Formal,8932.0,48,Bueno,5,343.0,0,0.041,0
51,3881.0,22,Formal,9785.0,12,Bueno,4,2065.0,0,0.21,0
23,4163.0,16,Formal,6371.0,60,Bueno,3,4822.0,0,0.026,0
56,6290.0,17,Independiente,5785.0,12,Bueno,0,1426.0,1,0.077,0
38,7435.0,19,Formal,9642.0,36,Bueno,3,12837.0,0,0.036,0
57,7209.0,13,Informal,5303.0,48,Bueno,2,12897.0,0,0.015,0
47,11817.0,20,Independiente,6447.0,24,Bueno,5,7667.0,0,0.023,1
64,3116.0,5,Informal,15532.0,24,Bueno,1,3819.0,0,0.208,0
37,4733.0,24,Informal,7226.0,36,Bueno,5,5413.0,0,0.042,1
66,3143.0,25,Independiente,10662.0,36,Bueno,5,946.0,0,0.094,0
62,6191.0,13,Formal,4841.0,48,Regular,4,4326.0,1,0.016,0
37,2787.0,13,Informal,8876.0,36,Bueno,3,4920.0,0,0.088,1
44,6332.0,14,Formal,6543.0,24,Bueno,3,1455.0,0,0.043,0
47,4409.0,24,Formal,5874.0,60,Regular,5,4565.0,1,0.022,0
58,3963.0,5,Independiente,2172.0,24,Regular,5,4274.0,0,0.023,1
54,4132.0,10,Formal,3925.0,36,Regular,4,1246.0,0,0.026,0
62,2607.0,18,Independiente,1995.0,60,Malo,1,2512.0,1,0.013,1
39,2687.0,20,Informal,18780.0,60,Bueno,2,4437.0,0,0.116,0
45,4438.0,8,Independiente,6737.0,24,Bueno,4,924.0,0,0.063,0
42,4427.0,3,Formal,7254.0,24,Bueno,0,1512.0,1,0.068,1
65,3195.0,15,Formal,11710.0,36,Bueno,4,1470.0,1,0.102,0
35,3684.0,19,Formal,8416.0,24,Malo,2,4980.0,1,0.095,1
49,4881.0,22,Formal,5851.0,48,Regular,3,5072.0,1,0.025,0
26,2991.0,0,Independiente,5885.0,36,Regular,5,2711.0,0,0.055,1
62,1996.0,0,Independiente,3740.0,24,Malo,5,2846.0,0,0.078,1
39,6951.0,11,Independiente,9285.0,36,Regular,2,12240.0,1,0.037,0
37,4554.0,16,Independiente,9468.0,36,Bueno,4,1606.0,0,0.058,0
49,3407.0,0,Formal,7304.0,48,Malo,0,4980.0,1,0.045,1
45,3139.0,5,Formal,6639.0,24,Bueno,4,2091.0,0,0.088,0
62,2980.0,12,Independiente,9515.0,12,Bueno,0,783.0,1,0.266,0
47,6181.0,8,Formal,3688.0,24,Bueno,5,2854.0,0,0.025,0
46,2446.0,21,Formal,8668.0,36,Malo,1,1758.0,1,0.098,0
26,4728.0,1,Independiente,16002.0,48,Regular,4,7652.0,0,0.071,1
22,4727.0,26,Formal,4925.0,48,Bueno,3,4071.0,0,0.022,1
40,5401.0,5,Formal,6279.0,60,Malo,1,5972.0,0,0.019,1
69,3528.0,13,Formal,13722.0,36,Bueno,5,211.0,0,0.108,0
65,6721.0,29,Formal,7311.0,48,Regular,1,774.0,0,0.023,0
51,5461.0,19,Independiente,11122.0,24,Bueno,5,9224.0,0,0.085,0
51,3484.0,29,Formal,8949.0,36,Bueno,3,5257.0,1,0.071,0
40,3085.0,0,Informal,9362.0,36,Bueno,2,2719.0,0,0.084,1
29,3885.0,21,Formal,4765.0,48,Malo,1,1401.0,1,0.026,1
21,3441.0,2,Formal,4678.0,48,Malo,0,249.0,0,0.028,0
37,2900.0,18,Formal,10325.0,24,Bueno,4,5091.0,1,0.148,0
36,4200.0,9,Informal,3057.0,48,Bueno,4,43.0,0,0.015,1
30,3693.0,23,Independiente,6442.0,48,Bueno,5,1580.0,0,0.036,1
33,7337.0,3,Independiente,9521.0,60,Regular,5,9032.0,0,0.022,1
22,3439.0,26,Informal,6261.0,36,Bueno,1,5806.0,0,0.051,1
50,3075.0,14,Formal,6676.0,60,Regular,3,648.0,0,0.036,1
66,4099.0,15,Independiente,16054.0,48,Bueno,5,5710.0,0,0.082,0
54,4500.0,17,Independiente,11424.0,36,Bueno,3,2687.0,0,0.071,0
42,4628.0,1,Informal,14629.0,36,Malo,4,5662.0,0,0.088,1
41,4612.0,9,Formal,22880.0,48,Regular,4,802.0,0,0.103,1
36,4151.0,21,Informal,13944.0,48,Bueno,5,6462.0,1,0.07,0
27,4039.0,28,Independiente,5539.0,36,Bueno,2,5142.0,1,0.038,0
50,5116.0,29,Informal,4300.0,60,Bueno,1,8800.0,0,0.014,1
48,2803.0,16,Formal,5583.0,24,Bueno,5,2535.0,0,0.083,0
21,3083.0,7,Formal,9609.0,36,Bueno,2,4926.0,0,0.087,1
41,2220.0,14,Formal,5912.0,24,Regular,1,2159.0,0,0.111,1
34,2820.0,13,Informal,4873.0,36,Bueno,3,2603.0,0,0.048,0
29,5949.0,11,Formal,15602.0,24,Bueno,5,1013.0,0,0.109,0
55,5035.0,10,Independiente,5804.0,24,Bueno,4,7379.0,0,0.048,0
46,7719.0,26,Formal,9199.0,24,Bueno,2,5727.0,1,0.05,0
52,6991.0,11,Formal,9067.0,12,Bueno,5,7551.0,1,0.108,0
55,5051.0,0,Formal,2206.0,12,Malo,0,5916.0,0,0.036,1
69,4323.0,21,Independiente,15085.0,48,Bueno,5,6029.0,0,0.073,1
60,4128.0,19,Formal,3554.0,24,Regular,1,4275.0,1,0.036,0
51,1744.0,11,Informal,2875.0,12,Bueno,1,1946.0,0,0.137,0
64,3959.0,18,Independiente,5431.0,12,Bueno,1,3711.0,0,0.114,0
44,3283.0,28,Informal,4336.0,24,Bueno,2,3628.0,1,0.055,1
69,2866.0,27,Independiente,13794.0,12,Regular,0,2292.0,1,0.401,0
58,4750.0,23,Independiente,8340.0,60,Bueno,4,6638.0,0,0.029,0
52,3783.0,17,Independiente,5145.0,36,Regular,0,5519.0,1,0.038,0
65,4223.0,0,Formal,2809.0,24,Bueno,0,3931.0,1,0.028,1
46,2712.0,15,Independiente,8883.0,36,Regular,0,716.0,0,0.091,1
56,5550.0,24,Informal,6109.0,12,Bueno,5,3731.0,0,0.092,0
34,3433.0,25,Formal,9557.0,48,Bueno,0,5190.0,0,0.058,0
68,4656.0,23,Formal,8370.0,60,Regular,4,7683.0,0,0.03,0
51,3540.0,29,Independiente,4420.0,12,Bueno,3,1702.0,0,0.104,1
59,1630.0,15,Informal,10232.0,24,Bueno,4,2761.0,0,0.262,0
43,4821.0,3,Formal,3308.0,36,Regular,2,2401.0,0,0.019,1
63,3875.0,14,Informal,5960.0,24,Regular,5,6409.0,1,0.064,0
24,2163.0,9,Formal,6427.0,12,Regular,2,3642.0,0,0.248,1
26,2590.0,25,Formal,6930.0,36,Bueno,1,2354.0,0,0.074,0
45,5611.0,23,Informal,3186.0,36,Bueno,5,9600.0,1,0.016,0
56,2202.0,12,Formal,13420.0,24,Bueno,2,2177.0,0,0.254,1
60,3400.0,11,Independiente,4413.0,48,Bueno,0,2319.0,1,0.027,0
42,7986.0,4,Informal,2429.0,12,Bueno,3,11646.0,1,0.025,1
52,4868.0,1,Formal,8518.0,24,Bueno,1,951.0,0,0.073,0
48,5318.0,9,Formal,18635.0,48,Bueno,4,2074.0,1,0.073,0
68,3662.0,7,Informal,2199.0,36,Bueno,0,1406.0,1,0.017,0
53,2094.0,7,Independiente,3902.0,36,Bueno,4,2345.0,0,0.052,1
41,4373.0,29,Informal,11505.0,36,Bueno,4,5580.0,0,0.073,1
68,2657.0,20,Informal,7208.0,36,Bueno,0,4005.0,0,0.075,0
26,2562.0,16,Independiente,3261.0,48,Bueno,3,4150.0,1,0.027,0
69,4186.0,5,Formal,6397.0,36,Regular,3,6593.0,0,0.042,1
28,2727.0,25,Formal,16194.0,36,Bueno,5,3348.0,0,0.165,1
35,4009.0,19,Formal,14210.0,48,Bueno,1,6602.0,1,0.074,1
61,3121.0,15,Formal,25264.0,24,Malo,2,1548.0,1,0.337,1
56,3957.0,13,Informal,10491.0,48,Bueno,2,5166.0,0,0.055,0
68,3318.0,16,Informal,5335.0,24,Bueno,2,458.0,0,0.067,0
57,3998.0,25,Informal,11392.0,36,Regular,5,901.0,1,0.079,1
52,6765.0,21,Informal,4694.0,48,Regular,3,2753.0,1,0.014,1
37,5363.0,14,Formal,6706.0,36,Malo,0,991.0,0,0.035,1
21,3834.0,20,Independiente,4715.0,12,Malo,5,6664.0,0,0.102,1
27,6346.0,27,Formal,10466.0,36,Regular,0,5326.0,0,0.046,0
35,4681.0,9,Independiente,9960.0,48,Bueno,5,7640.0,0,0.044,0
23,6178.0,27,Informal,4957.0,60,Bueno,2,5300.0,1,0.013,0
45,2292.0,18,Informal,12836.0,36,Bueno,4,2887.0,0,0.156,1
59,2738.0,5,Informal,15068.0,12,Bueno,5,1586.0,1,0.459,1
68,4354.0,29,Formal,5365.0,24,Malo,5,7451.0,0,0.051,1
44,3799.0,20,Independiente,8977.0,36,Bueno,0,239.0,0,0.066,0
63,4002.0,11,Formal,15576.0,12,Malo,2,5024.0,0,0.324,1
69,4964.0,6,Independiente,8542.0,48,Bueno,0,8492.0,0,0.036,1
63,4370.0,27,Formal,5967.0,36,Bueno,3,6200.0,0,0.038,0
43,5557.0,24,Informal,6861.0,36,Malo,2,8278.0,0,0.034,1
36,5500.0,1,Formal,5327.0,24,Bueno,5,2962.0,1,0.04,0
68,2786.0,19,Independiente,13053.0,12,Bueno,3,2266.0,1,0.39,0
32,1651.0,3,Informal,12186.0,36,Bueno,2,405.0,0,0.205,1
41,2719.0,8,Formal,20613.0,36,Bueno,0,1842.0,0,0.211,0
24,2655.0,17,Independiente,4626.0,24,Bueno,1,40.0,1,0.073,0
59,4113.0,7,Informal,5140.0,36,Regular,4,5766.0,0,0.035,1
52,4094.0,15,Informal,2903.0,36,Malo,0,7023.0,0,0.02,1
25,3714.0,12,Formal,9648.0,36,Regular,5,4685.0,0,0.072,1
31,4748.0,17,Independiente,3610.0,48,Regular,3,6925.0,0,0.016,1
48,9377.0,24,Formal,20039.0,24,Regular,3,8667.0,1,0.089,0
47,3684.0,4,Formal,4337.0,24,Bueno,2,1271.0,0,0.049,0
60,4421.0,23,Formal,2108.0,48,Regular,0,5736.0,0,0.01,0
34,4001.0,6,Independiente,3528.0,24,Regular,1,2155.0,1,0.037,1
66,3209.0,1,Formal,8396.0,36,Bueno,3,2654.0,1,0.073,0
42,4981.0,13,Independiente,6805.0,48,Bueno,2,8075.0,0,0.028,0
61,3617.0,9,Formal,4283.0,36,Regular,1,2428.0,1,0.033,0
32,2958.0,5,Formal,6614.0,60,Malo,4,1541.0,0,0.037,1
22,3040.0,12,Independiente,5020.0,36,Malo,2,173.0,1,0.046,0
23,5633.0,26,Formal,9519.0,36,Bueno,2,7112.0,1,0.047,0
39,4935.0,17,Formal,3694.0,12,Regular,4,1912.0,0,0.062,0
67,3340.0,21,Formal,7740.0,24,Bueno,0,3844.0,1,0.097,0
23,4719.0,4,Formal,7923.0,36,Malo,0,3114.0,0,0.047,0
39,4019.0,2,Formal,6925.0,24,Regular,1,5698.0,1,0.072,1
26,4450.0,10,Informal,8899.0,36,Malo,0,7128.0,0,0.056,1
66,3178.0,23,Independiente,6572.0,24,Malo,2,1348.0,1,0.086,1
54,2685.0,26,Formal,10404.0,12,Bueno,0,3829.0,0,0.323,0
58,3610.0,3,Formal,6922.0,36,Malo,3,993.0,0,0.053,1
55,2855.0,14,Informal,13367.0,36,Regular,0,724.0,1,0.13,1
53,2777.0,11,Formal,7717.0,24,Bueno,1,2142.0,1,0.116,0
58,2341.0,22,Formal,12910.0,48,Bueno,1,1367.0,0,0.115,1
21,1656.0,6,Formal,5077.0,12,Regular,3,2943.0,0,0.255,1
63,3362.0,14,Independiente,3949.0,12,Bueno,2,4865.0,1,0.098,0
57,6031.0,25,Independiente,10362.0,60,Bueno,4,9664.0,0,0.029,1
57,5459.0,13,Formal,6994.0,60,Regular,4,1336.0,0,0.021,1
40,7159.0,23,Formal,1704.0,36,Bueno,2,9200.0,0,0.007,0
60,2733.0,18,Independiente,4571.0,36,Bueno,0,2973.0,1,0.046,0
39,5102.0,17,Formal,8419.0,48,Regular,5,911.0,0,0.034,1
23,3827.0,7,Formal,6656.0,36,Bueno,2,5467.0,0,0.048,1
65,3042.0,29,Informal,4454.0,12,Regular,3,4675.0,0,0.122,1
32,5767.0,7,Formal,6961.0,12,Bueno,5,9489.0,1,0.101,0
25,3842.0,27,Formal,7608.0,12,Malo,3,6499.0,0,0.165,1
51,1995.0,29,Independiente,2436.0,48,Bueno,3,387.0,0,0.025,0
32,5437.0,15,Independiente,12716.0,36,Regular,2,8633.0,0,0.065,1
63,4598.0,26,Formal,14290.0,24,Regular,4,7824.0,0,0.129,1
42,4200.0,21,Formal,4557.0,24,Malo,1,5222.0,1,0.045,1
21,2535.0,22,Formal,18289.0,12,Bueno,2,839.0,1,0.601,0
67,4383.0,2,Formal,6691.0,48,Bueno,2,3162.0,1,0.032,1
46,6772.0,4,Formal,4861.0,48,Bueno,0,1098.0,0,0.015,1
33,4551.0,2,Formal,4777.0,36,Bueno,1,35.0,0,0.029,0
54,2217.0,0,Formal,17625.0,48,Bueno,1,3672.0,0,0.166,0
46,4680.0,25,Formal,3738.0,24,Regular,0,8191.0,1,0.033,0
22,4568.0,5,Formal,7699.0,36,Bueno,4,7559.0,1,0.047,0
58,5258.0,0,Independiente,8225.0,36,Bueno,4,2404.0,0,0.043,1
40,4521.0,28,Independiente,10400.0,12,Bueno,5,5054.0,1,0.192,0
55,2781.0,8,Informal,7357.0,36,Regular,0,2501.0,0,0.073,1
64,4116.0,24,Independiente,16930.0,48,Regular,2,3675.0,0,0.086,0
50,3633.0,28,Independiente,18681.0,12,Bueno,3,2801.0,0,0.429,0
53,4299.0,15,Formal,14843.0,36,Bueno,2,7283.0,0,0.096,0
33,5847.0,27,Independiente,8679.0,48,Bueno,0,8324.0,0,0.031,1
32,3117.0,29,Independiente,11586.0,48,Regular,2,4751.0,0,0.077,1
41,7584.0,4,Informal,5915.0,36,Regular,0,472.0,1,0.022,0
62,4668.0,4,Informal,12973.0,24,Bueno,0,3461.0,0,0.116,0
46,5449.0,11,Formal,5027.0,48,Bueno,4,5865.0,1,0.019,0
38,5173.0,16,Informal,4115.0,24,Regular,0,6134.0,0,0.033,1
59,4598.0,23,Independiente,4047.0,24,Regular,1,7406.0,1,0.037,1
62,4915.0,5,Independiente,9652.0,12,Bueno,5,1477.0,0,0.164,1
65,1081.0,5,Formal,15806.0,36,Bueno,5,175.0,0,0.406,0
35,5169.0,9,Formal,16496.0,36,Bueno,0,8311.0,0,0.089,1
55,2861.0,8,Informal,1779.0,48,Regular,2,2609.0,1,0.013,1
49,3927.0,28,Formal,11975.0,36,Bueno,2,3811.0,0,0.085,0
42,4586.0,11,Independiente,3953.0,60,Regular,3,7347.0,0,0.014,1
40,5947.0,26,Formal,22689.0,36,Regular,4,8026.0,1,0.106,0
26,2861.0,1,Formal,3224.0,36,Regular,0,3763.0,1,0.031,0
34,3393.0,3,Independiente,2466.0,24,Malo,2,1136.0,1,0.03,0
47,3564.0,24,Independiente,12109.0,24,Bueno,1,3986.0,1,0.142,0
64,4318.0,7,Informal,5710.0,36,Regular,5,3498.0,0,0.037,1
63,3645.0,2,Independiente,5519.0,48,Regular,1,4009.0,1,0.032,1
30,4923.0,17,Independiente,4515.0,24,Regular,0,5101.0,0,0.038,1
54,2023.0,4,Informal,4971.0,36,Bueno,3,96.0,0,0.068,1
25,3812.0,1,Independiente,12401.0,24,Bueno,5,2360.0,0,0.136,1
54,7030.0,12,Independiente,4039.0,36,Malo,4,5793.0,0,0.016,1
37,3649.0,16,Informal,6545.0,24,Bueno,0,3286.0,1,0.075,1
43,4675.0,15,Independiente,3790.0,12,Malo,4,837.0,0,0.068,1
56,5598.0,17,Independiente,7535.0,24,Bueno,1,9054.0,0,0.056,0
41,4618.0,0,Independiente,5466.0,48,Bueno,0,2779.0,1,0.025,0
60,7851.0,8,Independiente,9199.0,48,Malo,3,6916.0,0,0.024,1
47,4152.0,10,Independiente,9874.0,12,Regular,4,4960.0,0,0.198,1
69,5015.0,8,Independiente,15952.0,12,Regular,5,6491.0,0,0.265,0
52,4385.0,16,Independiente,21874.0,36,Bueno,3,2984.0,0,0.139,1
35,6477.0,6,Formal,4790.0,24,Bueno,2,1505.0,0,0.031,1
58,3454.0,18,Formal,10508.0,48,Bueno,3,1289.0,1,0.063,0
40,8103.0,28,Formal,5410.0,36,Regular,1,2407.0,0,0.019,1
47,3146.0,19,Formal,9714.0,48,Bueno,0,1383.0,0,0.064,1
27,7293.0,11,Formal,9486.0,12,Bueno,2,7924.0,0,0.108,0
26,2739.0,13,Formal,9322.0,60,Bueno,1,2641.0,0,0.057,0
49,5075.0,17,Formal,10958.0,48,Malo,0,1540.0,0,0.045,0
30,4019.0,21,Informal,7807.0,48,Regular,4,4930.0,1,0.04,0
69,5554.0,9,Independiente,5724.0,60,Bueno,5,637.0,0,0.017,1
62,4718.0,1,Independiente,7584.0,36,Malo,4,7725.0,0,0.045,0
55,5440.0,21,Formal,20973.0,12,Bueno,5,5544.0,0,0.321,0
57,2705.0,19,Formal,5109.0,36,Bueno,2,2875.0,1,0.052,0
50,2154.0,3,Formal,5988.0,48,Bueno,4,1108.0,1,0.058,0
23,2545.0,18,Formal,4577.0,48,Malo,1,2344.0,0,0.037,0
40,2522.0,2,Formal,2188.0,36,Bueno,2,1935.0,0,0.024,0
45,2693.0,19,Independiente,6884.0,48,Bueno,0,4609.0,1,0.053,0
65,3224.0,22,Formal,10080.0,24,Malo,3,442.0,0,0.13,1
31,3213.0,0,Independiente,4145.0,24,Regular,2,2653.0,0,0.054,0
45,4054.0,21,Independiente,14612.0,36,Regular,3,5776.0,0,0.1,1
37,2936.0,3,Formal,9045.0,36,Regular,5,2878.0,1,0.086,1
27,3022.0,7,Informal,12464.0,24,Regular,0,3075.0,0,0.172,1
26,3730.0,21,Independiente,8574.0,48,Bueno,2,6118.0,0,0.048,1
38,5841.0,10,Formal,6527.0,36,Regular,2,3950.0,1,0.031,0
25,3433.0,29,Independiente,5801.0,36,Bueno,4,13.0,0,0.047,1
24,3955.0,28,Independiente,8374.0,24,Bueno,3,6590.0,1,0.088,1
38,4193.0,29,Independiente,8798.0,24,Malo,4,250.0,0,0.087,0
30,2806.0,3,Informal,5324.0,36,Bueno,5,4028.0,1,0.053,0
48,3556.0,5,Formal,6434.0,48,Bueno,1,894.0,1,0.038,0
21,3110.0,5,Formal,18756.0,24,Bueno,2,116.0,1,0.251,0
35,5631.0,17,Informal,7663.0,48,Regular,2,3595.0,0,0.028,1
43,5456.0,12,Independiente,8106.0,48,Malo,4,8486.0,0,0.031,1
68,2995.0,22,Informal,16285.0,48,Bueno,2,199.0,0,0.113,0
52,3927.0,8,Independiente,8863.0,36,Bueno,4,1857.0,1,0.063,0
64,5016.0,5,Independiente,7128.0,24,Regular,1,2519.0,0,0.059,0
37,4526.0,19,Independiente,12270.0,48,Regular,5,772.0,0,0.056,1
43,4707.0,18,Formal,10782.0,36,Bueno,2,784.0,0,0.064,0
41,2812.0,20,Formal,8220.0,24,Bueno,5,4597.0,1,0.122,0
64,7188.0,9,Formal,8616.0,36,Regular,2,8996.0,0,0.033,0
68,3201.0,15,Formal,6091.0,36,Bueno,0,1793.0,1,0.053,0
68,3167.0,27,Independiente,3629.0,36,Regular,1,1359.0,1,0.032,1
57,2433.0,18,Independiente,9937.0,48,Bueno,2,188.0,0,0.085,0
45,3790.0,27,Informal,2820.0,36,Regular,0,2448.0,0,0.021,1
47,6076.0,13,Formal,3724.0,24,Regular,4,3293.0,1,0.026,0
69,4509.0,1,Formal,6385.0,60,Regular,2,7443.0,0,0.024,1
34,3899.0,22,Formal,6024.0,24,Regular,4,1548.0,0,0.064,1
37,5306.0,13,Independiente,10529.0,12,Bueno,5,3869.0,0,0.165,1
64,6018.0,1,Formal,12043.0,48,Bueno,0,7388.0,0,0.042,1
39,5451.0,4,Formal,20216.0,60,Bueno,1,3151.0,0,0.062,0
32,1930.0,9,Independiente,2563.0,36,Regular,3,2716.0,0,0.037,1
48,5323.0,5,Formal,9295.0,36,Regular,5,6959.0,0,0.049,0
36,4776.0,20,Independiente,9087.0,36,Bueno,5,305.0,0,0.053,0
64,2971.0,18,Formal,8467.0,48,Regular,1,4577.0,1,0.059,0
65,4783.0,9,Formal,9934.0,48,Bueno,1,3133.0,0,0.043,0
35,6080.0,2,Informal,11096.0,12,Bueno,1,1049.0,0,0.152,0
46,3252.0,2,Formal,14864.0,48,Bueno,2,4088.0,1,0.095,0
69,5597.0,28,Formal,8609.0,36,Malo,3,7527.0,0,0.043,1
57,4546.0,10,Informal,17337.0,12,Bueno,2,581.0,0,0.318,1
31,1259.0,3,Formal,8644.0,12,Bueno,4,802.0,1,0.572,1
49,4005.0,21,Formal,5559.0,12,Regular,2,6456.0,0,0.116,0
51,4479.0,26,Formal,8215.0,60,Bueno,3,5397.0,0,0.031,0
53,3608.0,3,Independiente,4360.0,36,Bueno,3,3468.0,0,0.034,0
22,4609.0,28,Independiente,4493.0,48,Bueno,1,4182.0,1,0.02,1
35,3847.0,21,Independiente,6693.0,12,Bueno,0,4213.0,1,0.145,1
62,8755.0,7,Informal,6163.0,48,Bueno,1,10291.0,1,0.015,1
32,3515.0,23,Formal,14638.0,36,Bueno,4,436.0,1,0.116,0
35,3002.0,12,Formal,6646.0,60,Regular,4,1806.0,1,0.037,1
36,5490.0,19,Informal,4000.0,36,Regular,0,5204.0,0,0.02,0
29,3680.0,3,Formal,7381.0,48,Malo,2,4838.0,0,0.042,1
28,3924.0,7,Informal,8596.0,36,Bueno,4,5246.0,0,0.061,0
38,3800.0,23,Informal,7826.0,36,Bueno,4,4142.0,0,0.057,1
63,5376.0,24,Informal,3884.0,60,Bueno,0,5676.0,0,0.012,0
21,2685.0,0,Formal,15508.0,36,Bueno,4,1777.0,1,0.16,0
34,5593.0,6,Independiente,2393.0,48,Regular,4,8403.0,1,0.009,1
23,4922.0,18,Informal,7759.0,12,Bueno,0,8119.0,1,0.131,0
48,7593.0,27,Formal,3808.0,36,Regular,2,11567.0,0,0.014,0
33,4350.0,20,Independiente,12660.0,60,Regular,0,6827.0,0,0.049,0
59,2758.0,21,Formal,9318.0,48,Bueno,3,4512.0,1,0.07,0
49,4368.0,11,Formal,8596.0,36,Malo,5,1589.0,0,0.055,1
59,4569.0,1,Informal,6361.0,36,Bueno,1,4226.0,0,0.039,1
52,6282.0,22,Informal,14770.0,48,Malo,2,6044.0,1,0.049,1
42,2755.0,23,Formal,6352.0,24,Regular,3,2407.0,0,0.096,1
63,2218.0,13,Formal,18180.0,60,Bueno,0,3388.0,1,0.137,0
44,4402.0,15,Independiente,4417.0,24,Bueno,1,2575.0,0,0.042,0
67,7724.0,7,Formal,7409.0,12,Bueno,1,2243.0,0,0.08,0
69,5191.0,13,Independiente,10930.0,48,Regular,0,2563.0,1,0.044,1
49,5304.0,7,Independiente,9673.0,36,Bueno,4,1366.0,1,0.051,1
54,2410.0,12,Formal,7085.0,24,Regular,4,1756.0,0,0.122,1
33,4132.0,4,Independiente,2589.0,24,Bueno,0,869.0,0,0.026,1
60,6327.0,18,Formal,8056.0,60,Malo,0,997.0,0,0.021,0
53,4589.0,7,Formal,5923.0,36,Bueno,0,3725.0,0,0.036,0
65,2162.0,21,Informal,5136.0,60,Regular,5,2339.0,1,0.04,1
34,4102.0,15,Formal,11286.0,24,Regular,3,4487.0,1,0.115,1
59,5054.0,26,Formal,2271.0,36,Bueno,3,840.0,0,0.012,0
44,1062.0,6,Independiente,7232.0,24,Bueno,0,1857.0,1,0.284,0
30,3936.0,8,Formal,1323.0,36,Regular,0,863.0,0,0.009,0
29,2882.0,7,Formal,9714.0,12,Regular,5,3426.0,1,0.281,1
48,5554.0,18,Informal,11351.0,12,Regular,5,8884.0,0,0.17,1
36,3463.0,3,Formal,7992.0,36,Bueno,3,5515.0,0,0.064,0
25,4753.0,20,Formal,5605.0,48,Malo,0,4381.0,1,0.025,1
41,4061.0,24,Formal,14651.0,36,Malo,0,2028.0,0,0.1,1
52,3414.0,20,Independiente,15194.0,36,Regular,5,5087.0,0,0.124,0
36,8067.0,4,Formal,8845.0,36,Bueno,3,8895.0,0,0.03,0
67,3272.0,14,Informal,16446.0,36,Bueno,1,4659.0,0,0.14,1
59,4188.0,16,Formal,4412.0,48,Malo,0,3015.0,1,0.022,1
46,4056.0,11,Independiente,6837.0,48,Regular,3,6669.0,0,0.035,0
66,4361.0,13,Informal,1666.0,48,Regular,5,7297.0,0,0.008,1
42,7827.0,22,Independiente,3650.0,24,Malo,5,10388.0,1,0.019,1
27,5057.0,25,Independiente,3460.0,36,Bueno,4,8580.0,0,0.019,1
22,3402.0,9,Formal,9682.0,48,Regular,0,2777.0,1,0.059,0
66,6858.0,9,Formal,3802.0,60,Regular,4,2401.0,0,0.009,1
68,5385.0,6,Formal,2183.0,36,Regular,4,6358.0,1,0.011,0
57,3426.0,12,Formal,4906.0,36,Regular,5,4029.0,0,0.04,0
26,6448.0,16,Formal,5273.0,48,Bueno,0,5702.0,1,0.017,0
35,2400.0,21,Independiente,3233.0,60,Bueno,5,1126.0,0,0.022,1
23,2644.0,8,Formal,7652.0,36,Malo,4,2971.0,0,0.08,1
23,2107.0,6,Informal,8447.0,24,Regular,4,686.0,0,0.167,1
33,1763.0,0,Independiente,2770.0,48,Bueno,0,2391.0,0,0.033,0
49,6270.0,2,Formal,10511.0,48,Malo,5,10234.0,1,0.035,0
24,4381.0,1,Formal,4233.0,12,Bueno,0,1314.0,0,0.081,0
69,2181.0,6,Independiente,5224.0,24,Bueno,1,3220.0,1,0.1,0
43,4017.0,20,Formal,9359.0,36,Malo,0,1435.0,0,0.065,0
33,5663.0,23,Formal,5252.0,48,Regular,1,5101.0,0,0.019,1
46,3056.0,29,Independiente,3684.0,48,Malo,3,5112.0,1,0.025,0
59,3608.0,16,Independiente,7401.0,24,Malo,5,537.0,1,0.085,1
36,8220.0,13,Formal,12741.0,24,Bueno,5,1328.0,0,0.065,0
23,3732.0,26,Formal,11896.0,48,Bueno,0,6440.0,0,0.066,1
23,2249.0,4,Formal,4967.0,12,Regular,5,643.0,1,0.184,0
62,3324.0,18,Formal,4054.0,36,Bueno,0,2047.0,0,0.034,1
26,2125.0,24,Formal,4554.0,36,Regular,4,1756.0,0,0.06,1
52,5213.0,15,Independiente,11966.0,24,Bueno,1,63.0,0,0.096,0
39,2894.0,7,Independiente,4510.0,48,Bueno,4,980.0,1,0.032,0
59,2860.0,18,Formal,16002.0,12,Bueno,2,4265.0,0,0.466,0
23,8521.0,29,Informal,9293.0,48,Regular,5,7958.0,0,0.023,1
64,2534.0,7,Independiente,6929.0,36,Regular,3,1797.0,1,0.076,0
55,2363.0,16,Formal,4920.0,36,Bueno,3,2901.0,0,0.058,0
43,2696.0,1,Informal,7459.0,48,Bueno,2,1576.0,1,0.058,1
31,5732.0,6,Independiente,3670.0,24,Bueno,1,4525.0,1,0.027,0
68,4953.0,23,Independiente,2824.0,48,Regular,3,8859.0,1,0.012,1
35,3308.0,14,Formal,9342.0,24,Bueno,3,4610.0,0,0.118,0
45,3194.0,5,Informal,6912.0,60,Regular,0,3185.0,0,0.036,1
40,4809.0,10,Formal,10723.0,12,Regular,0,4560.0,1,0.186,0
32,4444.0,3,Formal,8294.0,36,Bueno,2,6754.0,0,0.052,0
41,3824.0,23,Informal,4873.0,24,Regular,4,4136.0,1,0.053,0
28,5018.0,28,Informal,11888.0,36,Malo,2,3065.0,1,0.066,1
21,2628.0,3,Independiente,5211.0,12,Bueno,2,1976.0,0,0.165,1
35,2913.0,7,Formal,13734.0,24,Bueno,5,962.0,0,0.196,1
26,5119.0,25,Formal,5117.0,12,Bueno,1,8841.0,0,0.083,0
41,4581.0,26,Informal,3105.0,12,Regular,2,5378.0,1,0.056,0
63,1710.0,23,Independiente,15096.0,48,Malo,5,1227.0,1,0.184,1
28,4123.0,21,Informal,5016.0,36,Regular,3,2671.0,0,0.034,1
21,8398.0,25,Formal,5223.0,12,Malo,0,13710.0,1,0.052,0
26,5436.0,11,Informal,3187.0,60,Regular,1,3526.0,1,0.01,0
45,3345.0,26,Formal,6593.0,36,Bueno,5,4554.0,0,0.055,0
34,3009.0,26,Formal,3432.0,24,Bueno,4,4525.0,0,0.048,0
44,4664.0,6,Informal,14613.0,36,Regular,5,7638.0,0,0.087,1
22,6263.0,2,Formal,5680.0,36,Regular,2,4206.0,0,0.025,1
37,2003.0,15,Independiente,4099.0,36,Bueno,3,2759.0,1,0.057,0
41,4536.0,22,Independiente,7252.0,48,Bueno,0,2669.0,1,0.033,0
42,3585.0,25,Informal,21597.0,36,Bueno,4,6092.0,0,0.167,0
48,4381.0,4,Formal,7438.0,60,Bueno,3,88.0,1,0.028,1
59,2299.0,11,Formal,6135.0,48,Regular,0,2360.0,0,0.056,1
43,6261.0,23,Independiente,7155.0,60,Regular,5,5747.0,1,0.019,0
62,6916.0,1,Informal,11022.0,36,Regular,2,10925.0,0,0.044,1
46,5246.0,21,Informal,10475.0,36,Bueno,5,2043.0,0,0.055,1
33,7464.0,8,Formal,8156.0,48,Malo,5,1173.0,1,0.023,1
32,3518.0,0,Independiente,12158.0,48,Bueno,2,5360.0,1,0.072,1
36,4495.0,7,Formal,7382.0,12,Bueno,0,2833.0,0,0.137,0
50,5275.0,22,Formal,6429.0,12,Regular,0,3085.0,1,0.102,0
32,4687.0,26,Formal,7292.0,24,Malo,1,888.0,1,0.065,0
65,3689.0,2,Formal,5136.0,24,Malo,1,6109.0,1,0.058,0
44,3839.0,13,Formal,11151.0,60,Bueno,2,4374.0,1,0.048,0
63,6669.0,6,Formal,4994.0,48,Bueno,5,8309.0,1,0.016,0
54,4044.0,20,Formal,2015.0,12,Regular,4,6536.0,1,0.042,1
37,6123.0,23,Informal,2813.0,36,Regular,1,9300.0,1,0.013,0
32,3965.0,28,Formal,8617.0,24,Bueno,4,3225.0,0,0.091,1
57,6109.0,10,Informal,4525.0,48,Bueno,0,1757.0,1,0.015,1
37,4209.0,8,Informal,10611.0,60,Bueno,0,5094.0,0,0.042,1
33,5108.0,9,Formal,6948.0,24,Bueno,3,5983.0,0,0.057,0
66,3149.0,22,Independiente,11105.0,36,Bueno,1,267.0,0,0.098,0
44,4491.0,13,Formal,2131.0,60,Regular,2,7271.0,0,0.008,0
23,3167.0,0,Formal,4971.0,36,Bueno,4,1911.0,1,0.044,0
45,3485.0,28,Independiente,4021.0,48,Regular,2,2690.0,1,0.024,0
43,3592.0,3,Independiente,23949.0,24,Regular,1,3322.0,0,0.278,1
63,3815.0,27,Formal,5460.0,24,Bueno,5,6263.0,1,0.06,0
55,5835.0,4,Informal,2788.0,36,Bueno,1,1791.0,1,0.013,0
30,3435.0,16,Independiente,8527.0,12,Malo,3,2280.0,0,0.207,1
28,4317.0,9,Formal,3819.0,48,Regular,0,3896.0,0,0.018,1
50,6116.0,20,Formal,11741.0,48,Malo,0,10920.0,0,0.04,1
23,5068.0,12,Informal,12823.0,24,Bueno,4,4012.0,0,0.105,1
36,2019.0,11,Informal,4044.0,36,Regular,5,1448.0,0,0.056,1
27,2275.0,14,Independiente,4603.0,48,Malo,0,3829.0,1,0.042,0
22,4720.0,29,Independiente,8090.0,60,Bueno,5,5620.0,1,0.029,0
66,3370.0,7,Independiente,11932.0,24,Bueno,1,992.0,0,0.148,0
25,2158.0,6,Formal,8613.0,48,Malo,5,683.0,1,0.083,0
21,3278.0,1,Informal,5465.0,24,Bueno,3,3803.0,1,0.069,0
66,4787.0,22,Independiente,3117.0,60,Bueno,4,4024.0,0,0.011,1
30,3577.0,20,Independiente,16795.0,36,Malo,0,58.0,0,0.13,1
61,4161.0,18,Independiente,8729.0,24,Bueno,0,3360.0,1,0.087,0
22,3698.0,0,Independiente,18761.0,48,Regular,5,6255.0,0,0.106,1
28,3107.0,23,Formal,9427.0,48,Regular,0,4180.0,0,0.063,0
26,4458.0,24,Independiente,17415.0,48,Regular,5,4482.0,0,0.081,1
55,2073.0,28,Formal,4360.0,24,Bueno,0,728.0,1,0.088,0
51,2960.0,27,Formal,4551.0,48,Bueno,3,1788.0,0,0.032,0
44,5429.0,7,Formal,6288.0,48,Regular,2,9739.0,0,0.024,0
32,2303.0,21,Formal,4158.0,24,Regular,2,2732.0,0,0.075,0
25,4082.0,12,Informal,2527.0,24,Bueno,4,2030.0,0,0.026,1
48,3472.0,17,Formal,4832.0,48,Bueno,0,4612.0,1,0.029,0
32,3349.0,9,Formal,9353.0,36,Bueno,2,551.0,1,0.078,0
49,5626.0,19,Independiente,3344.0,36,Bueno,3,3753.0,0,0.017,1
54,6048.0,28,Informal,3571.0,48,Regular,2,2494.0,1,0.012,1
62,2693.0,19,Independiente,5013.0,12,Malo,1,4343.0,0,0.155,1
45,1332.0,27,Informal,3888.0,48,Bueno,0,1763.0,0,0.061,0
21,3826.0,27,Independiente,5180.0,36,Malo,3,3426.0,1,0.038,1
34,1868.0,3,Independiente,6556.0,12,Regular,0,1371.0,0,0.292,1
62,5505.0,28,Formal,3482.0,60,Regular,0,8508.0,0,0.011,1
47,4002.0,24,Formal,5081.0,48,Malo,1,1408.0,0,0.026,0
51,2244.0,12,Formal,6895.0,24,Bueno,4,302.0,0,0.128,1
43,3014.0,18,Independiente,4256.0,60,Malo,0,4621.0,0,0.024,0
28,2603.0,18,Independiente,3116.0,60,Bueno,1,4013.0,1,0.02,0
64,2949.0,23,Independiente,4442.0,48,Bueno,0,1290.0,0,0.031,0
58,1934.0,24,Independiente,5644.0,12,Regular,3,680.0,1,0.243,1
69,6641.0,3,Independiente,2448.0,24,Bueno,1,8622.0,0,0.015,0
62,2732.0,0,Formal,9432.0,48,Regular,0,705.0,0,0.072,1
35,4079.0,7,Formal,5819.0,60,Bueno,1,4566.0,0,0.024,0
33,4771.0,15,Independiente,4456.0,24,Bueno,1,6022.0,1,0.039,1
33,6051.0,25,Formal,2685.0,36,Regular,0,6774.0,1,0.012,0
66,4132.0,19,Informal,8774.0,24,Bueno,2,3175.0,0,0.088,0
48,3677.0,4,Formal,12894.0,36,Bueno,3,5402.0,1,0.097,0
43,4197.0,21,Formal,4949.0,36,Bueno,2,7026.0,0,0.033,0
68,2688.0,14,Independiente,17859.0,12,Malo,2,3415.0,0,0.554,1
50,2770.0,11,Formal,6713.0,36,Regular,5,2089.0,1,0.067,0
65,3645.0,23,Independiente,6853.0,36,Bueno,1,6533.0,1,0.052,0
69,1681.0,8,Formal,10887.0,36,Regular,2,1360.0,1,0.18,1
24,3132.0,18,Formal,9029.0,48,Regular,3,655.0,0,0.06,1
38,3392.0,5,Independiente,3331.0,12,Bueno,0,1115.0,1,0.082,0
56,7909.0,11,Formal,4842.0,12,Bueno,5,4953.0,1,0.051,1
60,6352.0,16,Independiente,11912.0,36,Regular,3,1956.0,0,0.052,1
28,4764.0,18,Formal,9130.0,36,Bueno,4,6674.0,0,0.053,1
36,5557.0,27,Independiente,17949.0,24,Malo,1,141.0,0,0.135,1
47,2761.0,8,Formal,8365.0,60,Bueno,4,2017.0,0,0.05,0
60,4240.0,26,Formal,9302.0,24,Regular,5,6702.0,0,0.091,1
26,5295.0,24,Independiente,4433.0,24,Bueno,3,1122.0,0,0.035,0
50,2770.0,10,Independiente,12785.0,48,Regular,1,2872.0,0,0.096,0
35,2278.0,4,Informal,1654.0,60,Malo,4,3829.0,0,0.012,0
31,4575.0,7,Informal,7527.0,36,Bueno,5,590.0,0,0.046,1
46,2374.0,19,Independiente,9455.0,12,Bueno,4,1494.0,0,0.332,1
41,4929.0,23,Formal,8060.0,24,Regular,3,334.0,0,0.068,0
52,6011.0,18,Independiente,6744.0,24,Bueno,2,7381.0,0,0.047,0
36,2804.0,21,Independiente,6323.0,36,Bueno,1,2107.0,1,0.063,1
61,2885.0,3,Informal,6902.0,36,Regular,4,4919.0,0,0.066,1
24,5943.0,15,Independiente,3643.0,24,Bueno,2,7395.0,1,0.026,0
63,4140.0,26,Formal,8037.0,36,Bueno,1,4486.0,1,0.054,0
22,5639.0,11,Informal,4462.0,48,Bueno,2,9240.0,1,0.016,1
57,3695.0,26,Independiente,4951.0,24,Bueno,0,862.0,1,0.056,0
37,3800.0,3,Formal,3402.0,24,Malo,3,5359.0,0,0.037,1
39,4100.0,29,Independiente,26871.0,48,Bueno,3,5386.0,1,0.137,0
21,7263.0,23,Independiente,7727.0,12,Bueno,2,8802.0,0,0.089,0
55,5471.0,18,Independiente,2993.0,24,Regular,4,6284.0,0,0.023,0
29,3093.0,18,Informal,7285.0,12,Regular,3,692.0,1,0.196,1
53,4355.0,28,Formal,12707.0,36,Bueno,2,6381.0,1,0.081,0
56,3599.0,11,Formal,7988.0,36,Regular,4,4115.0,1,0.062,0
62,3349.0,4,Formal,6645.0,36,Regular,0,4651.0,0,0.055,1
55,4877.0,27,Informal,4251.0,36,Bueno,3,7691.0,1,0.024,0
35,4506.0,3,Formal,7995.0,36,Bueno,0,4400.0,1,0.049,0
57,2816.0,19,Independiente,10271.0,24,Regular,3,4850.0,1,0.152,0
61,4104.0,7,Independiente,10332.0,48,Bueno,0,807.0,1,0.052,0
36,3310.0,27,Informal,7582.0,60,Bueno,5,24.0,0,0.038,1
27,4761.0,29,Formal,7569.0,36,Regular,0,2828.0,0,0.044,0
64,3255.0,14,Formal,13858.0,24,Bueno,2,1269.0,1,0.177,0
28,3809.0,15,Informal,13068.0,48,Bueno,3,3796.0,0,0.071,1
50,3383.0,13,Independiente,6122.0,24,Bueno,2,1707.0,0,0.075,0
32,2046.0,12,Formal,17105.0,24,Malo,1,2534.0,0,0.348,1
27,7121.0,28,Formal,3025.0,60,Regular,1,12117.0,0,0.007,0
59,4087.0,8,Informal,7771.0,24,Bueno,5,5659.0,0,0.079,1
28,7218.0,28,Informal,8209.0,12,Bueno,0,5460.0,0,0.095,1
53,4156.0,19,Independiente,4107.0,36,Malo,4,7372.0,1,0.027,1
54,5205.0,28,Formal,2652.0,36,Regular,1,7225.0,1,0.014,0
23,3170.0,18,Independiente,4161.0,36,Regular,0,4627.0,0,0.036,1
29,3200.0,24,Formal,11405.0,24,Bueno,2,1179.0,1,0.149,1
59,4002.0,14,Informal,11588.0,48,Bueno,0,4948.0,0,0.06,0
45,7193.0,13,Formal,9965.0,24,Bueno,4,915.0,0,0.058,0
26,2853.0,7,Formal,4508.0,60,Regular,4,1208.0,0,0.026,0
69,1865.0,6,Formal,11667.0,24,Malo,1,55.0,1,0.261,0
33,5890.0,1,Formal,4692.0,12,Bueno,4,7477.0,0,0.066,0
21,5325.0,11,Formal,8035.0,36,Regular,4,201.0,1,0.042,0
66,3455.0,29,Independiente,6878.0,24,Malo,4,2793.0,1,0.083,0
21,8278.0,28,Formal,5512.0,36,Malo,0,9668.0,0,0.018,1
48,8422.0,20,Independiente,9696.0,24,Bueno,0,4624.0,1,0.048,0
69,1993.0,10,Formal,10765.0,36,Bueno,0,1318.0,0,0.15,0
49,3142.0,15,Formal,4352.0,24,Malo,4,4910.0,0,0.058,1
49,3991.0,22,Independiente,7108.0,36,Bueno,1,6476.0,0,0.049,0
40,4712.0,0,Independiente,10458.0,12,Bueno,3,7283.0,0,0.185,0
27,4449.0,27,Formal,1248.0,24,Bueno,2,6006.0,0,0.012,0
49,4081.0,26,Informal,8632.0,24,Bueno,5,2039.0,0,0.088,0
64,2692.0,29,Formal,10578.0,48,Bueno,1,362.0,0,0.082,0
25,4933.0,2,Formal,8847.0,48,Regular,4,4339.0,1,0.037,0
64,5038.0,28,Formal,9082.0,24,Malo,0,8383.0,0,0.075,1
41,5732.0,18,Independiente,6600.0,12,Bueno,5,2305.0,1,0.096,0
47,2551.0,16,Formal,10183.0,12,Malo,3,962.0,0,0.333,0
29,3754.0,5,Formal,3274.0,24,Malo,1,5268.0,0,0.036,0
51,3392.0,14,Formal,4174.0,36,Regular,2,3614.0,0,0.034,0
29,2534.0,10,Formal,8996.0,24,Regular,4,1844.0,0,0.148,0
34,3732.0,29,Formal,10201.0,60,Malo,2,5795.0,0,0.046,1
56,2742.0,10,Independiente,12752.0,48,Regular,0,2875.0,0,0.097,0
23,2379.0,6,Independiente,15727.0,12,Bueno,1,3941.0,0,0.551,0
42,5352.0,28,Formal,4544.0,24,Malo,5,3547.0,0,0.035,0
50,3448.0,5,Formal,3604.0,12,Bueno,2,2756.0,1,0.087,0
27,3085.0,27,Formal,11262.0,12,Malo,2,413.0,1,0.304,1
35,6262.0,28,Informal,5374.0,36,Bueno,1,4144.0,1,0.024,0
37,5095.0,9,Independiente,6750.0,12,Bueno,0,1648.0,0,0.11,0
53,1793.0,20,Formal,10644.0,12,Regular,1,106.0,0,0.495,0
68,4724.0,23,Informal,7763.0,12,Regular,5,2175.0,1,0.137,1
61,4715.0,16,Formal,10008.0,36,Bueno,3,4164.0,0,0.059,0
30,3674.0,20,Formal,4296.0,12,Malo,2,1636.0,0,0.097,1
21,3622.0,3,Informal,8264.0,60,Bueno,3,711.0,1,0.038,0
23,2134.0,15,Independiente,8169.0,24,Bueno,4,1734.0,0,0.16,0
50,8240.0,15,Independiente,12630.0,24,Regular,5,2193.0,0,0.064,0
28,3726.0,16,Independiente,14171.0,36,Bueno,1,577.0,0,0.106,0
32,4628.0,28,Informal,5306.0,36,Bueno,4,7999.0,1,0.032,1
62,3804.0,24,Formal,3857.0,36,Bueno,4,3259.0,0,0.028,1
63,3104.0,18,Formal,10332.0,36,Bueno,0,4483.0,1,0.092,0
62,5508.0,12,Formal,2503.0,24,Malo,5,1693.0,1,0.019,1
33,4305.0,12,Informal,10730.0,24,Bueno,1,3577.0,1,0.104,0
51,3738.0,0,Formal,11186.0,12,Regular,4,605.0,1,0.249,1
50,4609.0,16,Formal,5066.0,36,Regular,5,3416.0,0,0.031,1
30,3935.0,7,Formal,1404.0,36,Bueno,3,5853.0,0,0.01,0
48,7412.0,26,Formal,11836.0,36,Malo,1,11911.0,1,0.044,0
46,5437.0,23,Independiente,14713.0,60,Bueno,5,5079.0,0,0.045,0
40,4890.0,27,Formal,14169.0,36,Bueno,2,2521.0,0,0.08,0
57,2228.0,29,Informal,14420.0,48,Regular,4,2942.0,1,0.135,1
54,4954.0,12,Independiente,3129.0,36,Regular,4,5697.0,1,0.018,1
47,4907.0,12,Formal,7227.0,36,Bueno,1,4156.0,0,0.041,0
56,2760.0,18,Informal,8141.0,36,Regular,3,2362.0,0,0.082,1
58,2209.0,12,Formal,7471.0,24,Malo,1,1961.0,1,0.141,0
48,5352.0,8,Independiente,10065.0,24,Bueno,0,3268.0,0,0.078,0
34,5605.0,21,Independiente,3714.0,36,Regular,4,5236.0,0,0.018,1
58,3206.0,13,Formal,2461.0,12,Bueno,1,331.0,0,0.064,0
56,3152.0,28,Formal,2013.0,24,Bueno,3,3235.0,1,0.027,0
69,4277.0,6,Independiente,11973.0,48,Bueno,0,3820.0,0,0.058,0
28,3443.0,13,Independiente,3107.0,36,Bueno,3,2606.0,1,0.025,0
41,2191.0,15,Independiente,7444.0,12,Regular,1,1278.0,1,0.283,1
66,2749.0,27,Formal,4930.0,12,Bueno,1,3077.0,0,0.149,0
46,4565.0,17,Formal,5062.0,60,Bueno,0,3985.0,0,0.018,0
67,2806.0,2,Informal,6234.0,60,Bueno,5,509.0,1,0.037,0
21,5712.0,10,Formal,5191.0,36,Bueno,3,3850.0,1,0.025,0
22,4878.0,26,Informal,2464.0,24,Regular,3,672.0,1,0.021,0
60,4633.0,8,Independiente,6237.0,24,Bueno,2,3162.0,0,0.056,0
38,4244.0,10,Independiente,4351.0,24,Bueno,5,4070.0,1,0.043,0
46,3052.0,4,Formal,4224.0,48,Bueno,0,2148.0,0,0.029,0
41,5128.0,21,Informal,17011.0,36,Bueno,2,3153.0,0,0.092,0
40,3020.0,4,Informal,2819.0,48,Regular,0,1528.0,1,0.019,1
67,5834.0,11,Independiente,6068.0,24,Bueno,4,4009.0,0,0.043,1
25,6953.0,21,Independiente,7807.0,48,Regular,5,867.0,0,0.023,1
58,4296.0,26,Formal,17021.0,36,Regular,4,7686.0,0,0.11,1
64,6594.0,6,Formal,3482.0,36,Bueno,0,6591.0,0,0.015,0
53,2763.0,9,Informal,13767.0,36,Bueno,4,3164.0,1,0.138,1
40,4898.0,3,Formal,6211.0,36,Bueno,1,1615.0,1,0.035,0
28,4043.0,13,Formal,6342.0,48,Bueno,2,6720.0,1,0.033,0
54,5387.0,29,Formal,9742.0,36,Bueno,3,5538.0,1,0.05,0
43,1830.0,9,Independiente,14950.0,60,Malo,2,1365.0,0,0.136,0
28,5266.0,7,Independiente,5167.0,24,Bueno,1,6760.0,1,0.041,0
38,3160.0,11,Independiente,8133.0,24,Bueno,3,1731.0,1,0.107,0
68,4117.0,26,Formal,7521.0,24,Regular,1,6926.0,0,0.076,1
34,8183.0,16,Formal,7319.0,12,Malo,4,2494.0,1,0.075,1
29,4960.0,18,Formal,10671.0,48,Bueno,0,7438.0,0,0.045,0
54,4716.0,23,Informal,4531.0,12,Bueno,4,8205.0,1,0.08,0
30,4574.0,21,Formal,5586.0,24,Bueno,5,4049.0,0,0.051,0
66,6066.0,17,Informal,2506.0,24,Regular,4,9572.0,1,0.017,0
63,5457.0,16,Formal,9321.0,48,Regular,3,703.0,0,0.036,1
69,4592.0,15,Informal,7130.0,60,Bueno,2,5130.0,0,0.026,0
65,4382.0,5,Independiente,14746.0,48,Bueno,3,2810.0,1,0.07,1
32,4274.0,12,Informal,3436.0,24,Bueno,3,2803.0,1,0.033,1
31,3960.0,25,Independiente,18192.0,36,Regular,5,3210.0,0,0.128,1
37,2536.0,1,Independiente,10189.0,24,Bueno,0,2724.0,0,0.167,1
44,4920.0,24,Independiente,1422.0,60,Bueno,3,5455.0,0,0.005,0
64,3277.0,16,Formal,9946.0,12,Bueno,3,1641.0,0,0.253,0
56,3783.0,10,Informal,4861.0,60,Regular,1,2614.0,0,0.021,1
52,5596.0,3,Independiente,5913.0,48,Bueno,2,2513.0,0,0.022,1
64,3995.0,22,Formal,5357.0,48,Malo,2,4549.0,0,0.028,1
52,3880.0,0,Formal,13305.0,48,Bueno,0,713.0,1,0.071,0
39,4300.0,16,Independiente,2272.0,24,Bueno,2,3278.0,0,0.022,1
41,3605.0,4,Informal,6413.0,24,Bueno,1,6349.0,0,0.074,1
46,8112.0,27,Independiente,6723.0,24,Bueno,2,14438.0,0,0.035,1
25,7665.0,5,Formal,5248.0,24,Bueno,1,7146.0,0,0.029,0
57,7586.0,24,Independiente,3959.0,48,Bueno,4,3379.0,0,0.011,0
52,4579.0,17,Formal,1597.0,36,Bueno,5,4809.0,1,0.01,1
56,3200.0,1,Formal,6473.0,48,Bueno,0,2814.0,0,0.042,0
47,5654.0,21,Informal,9308.0,48,Regular,1,432.0,1,0.034,0
59,3615.0,26,Formal,7135.0,24,Bueno,0,6436.0,1,0.082,0
67,5842.0,6,Formal,3962.0,24,Regular,2,3440.0,1,0.028,1
48,3144.0,29,Formal,6762.0,36,Malo,2,2260.0,0,0.06,0
42,4702.0,23,Formal,14844.0,12,Regular,2,4347.0,0,0.263,0
26,6156.0,22,Formal,4649.0,36,Bueno,0,9755.0,0,0.021,0
59,3690.0,10,Formal,7725.0,48,Regular,5,5308.0,1,0.044,1
65,3685.0,3,Formal,8339.0,48,Regular,5,1363.0,1,0.047,1
55,2292.0,12,Informal,2948.0,36,Bueno,5,2956.0,0,0.036,0
63,3180.0,24,Formal,5755.0,48,Bueno,2,5006.0,1,0.038,0
63,4546.0,17,Informal,5794.0,36,Bueno,4,5845.0,0,0.035,1
60,4803.0,19,Independiente,6977.0,60,Bueno,0,1203.0,1,0.024,1
45,5065.0,23,Formal,13062.0,48,Bueno,3,4913.0,1,0.054,0
25,1973.0,10,Formal,3362.0,48,Bueno,3,2978.0,0,0.036,0
21,3621.0,1,Formal,13508.0,12,Regular,4,1275.0,0,0.311,1
31,2392.0,26,Independiente,9696.0,48,Bueno,4,2319.0,1,0.084,0
42,4461.0,18,Independiente,18469.0,24,Bueno,0,5376.0,1,0.173,0
57,2135.0,16,Formal,1889.0,36,Malo,2,2442.0,1,0.025,0
43,2646.0,17,Formal,1335.0,36,Bueno,2,508.0,1,0.014,0
22,5422.0,25,Formal,24016.0,24,Bueno,2,2708.0,0,0.185,1
31,3316.0,23,Independiente,2872.0,12,Bueno,3,3296.0,0,0.072,0
68,6616.0,20,Formal,4132.0,24,Bueno,4,2486.0,1,0.026,1
69,5114.0,23,Independiente,4155.0,48,Bueno,3,3072.0,1,0.017,0
39,3697.0,8,Independiente,9441.0,36,Bueno,1,2762.0,1,0.071,0
60,5744.0,21,Independiente,6041.0,60,Malo,3,141.0,1,0.018,1
56,3814.0,29,Formal,4518.0,48,Malo,3,3504.0,0,0.025,0
66,5305.0,7,Formal,16634.0,36,Bueno,1,9499.0,1,0.087,0
64,3122.0,17,Formal,1705.0,48,Regular,3,2294.0,0,0.011,0
51,5870.0,20,Informal,11717.0,36,Regular,3,2898.0,0,0.055,1
40,2209.0,15,Formal,6634.0,24,Regular,4,1006.0,0,0.125,1
51,2645.0,29,Formal,4471.0,60,Bueno,2,2453.0,0,0.028,1
36,2814.0,12,Formal,4795.0,60,Regular,5,2310.0,1,0.028,1
38,3245.0,6,Independiente,5694.0,12,Bueno,3,5035.0,0,0.146,0
50,4606.0,4,Independiente,4188.0,48,Bueno,5,5300.0,0,0.019,1
48,4074.0,25,Independiente,10710.0,12,Malo,0,2923.0,0,0.219,1
49,5328.0,20,Independiente,5421.0,60,Bueno,0,3699.0,1,0.017,0
39,6189.0,17,Informal,9874.0,36,Bueno,1,6096.0,1,0.044,0
41,2119.0,12,Informal,4840.0,24,Bueno,4,966.0,1,0.095,0
21,6474.0,12,Formal,7649.0,48,Malo,3,4928.0,1,0.025,0
50,3783.0,28,Formal,7647.0,36,Bueno,4,1941.0,0,0.056,0
49,7528.0,20,Informal,6938.0,12,Bueno,0,6985.0,0,0.077,0
66,3071.0,28,Independiente,13743.0,48,Regular,2,3022.0,0,0.093,0
45,1893.0,24,Informal,14501.0,48,Bueno,2,2885.0,0,0.16,0
43,5136.0,23,Formal,10401.0,36,Bueno,5,2322.0,0,0.056,0
24,5016.0,16,Informal,12252.0,48,Regular,0,8169.0,0,0.051,0
30,2671.0,7,Formal,10090.0,12,Malo,5,2573.0,0,0.315,1
37,2771.0,19,Independiente,5197.0,24,Regular,2,3625.0,0,0.078,0
39,5478.0,21,Formal,6329.0,36,Bueno,4,6031.0,1,0.032,0
38,4689.0,15,Formal,1898.0,24,Bueno,1,6997.0,0,0.017,0
40,3642.0,0,Formal,3794.0,36,Regular,0,4347.0,1,0.029,0
58,4866.0,28,Formal,2884.0,60,Bueno,4,97.0,0,0.01,0
27,4516.0,24,Formal,4447.0,48,Regular,1,3172.0,0,0.021,0
37,2881.0,10,Informal,7992.0,36,Bueno,0,4866.0,0,0.077,1
28,5633.0,14,Informal,5087.0,36,Malo,5,4577.0,0,0.025,0
36,5221.0,3,Informal,10995.0,48,Bueno,1,7785.0,1,0.044,0
54,4109.0,28,Informal,3884.0,48,Malo,5,6427.0,0,0.02,0
23,5479.0,6,Informal,9619.0,12,Bueno,2,3280.0,1,0.146,0
37,7897.0,11,Informal,3680.0,36,Regular,1,12192.0,0,0.013,0
22,2759.0,12,Formal,13211.0,24,Bueno,2,1874.0,0,0.2,1
67,3703.0,7,Formal,3879.0,12,Bueno,1,169.0,0,0.087,0
56,3772.0,19,Informal,8847.0,24,Bueno,5,4715.0,0,0.098,0
32,5434.0,29,Formal,4523.0,36,Bueno,3,8023.0,1,0.023,0
30,3230.0,25,Independiente,15704.0,48,Bueno,4,2626.0,1,0.101,0
25,5320.0,15,Independiente,15345.0,60,Bueno,0,1661.0,1,0.048,0
44,3372.0,3,Formal,8680.0,36,Malo,1,3735.0,0,0.072,0
57,2640.0,25,Formal,8585.0,36,Regular,3,3508.0,0,0.09,1
49,4199.0,7,Independiente,10549.0,24,Regular,2,4949.0,0,0.105,1
64,3345.0,27,Independiente,9530.0,24,Bueno,5,2142.0,0,0.119,0
37,4354.0,11,Formal,11337.0,12,Bueno,4,2887.0,1,0.217,0
34,4742.0,15,Independiente,3826.0,60,Bueno,1,4687.0,1,0.013,0
44,2176.0,13,Formal,6939.0,12,Bueno,2,757.0,0,0.266,0
30,3488.0,13,Formal,4722.0,48,Regular,4,5313.0,1,0.028,1
68,4201.0,4,Independiente,15216.0,24,Regular,2,774.0,0,0.151,0
30,5488.0,16,Formal,3173.0,36,Bueno,3,4806.0,0,0.016,0
44,5236.0,12,Informal,16696.0,48,Bueno,4,8100.0,1,0.066,0
46,2972.0,25,Formal,7010.0,60,Bueno,1,2832.0,0,0.039,0
23,3841.0,14,Informal,11433.0,24,Bueno,0,5261.0,0,0.124,1
43,4834.0,28,Informal,5061.0,60,Bueno,2,2085.0,1,0.017,0
43,3742.0,8,Informal,3012.0,24,Bueno,1,3001.0,1,0.034,0
33,3079.0,9,Independiente,14884.0,48,Bueno,3,3952.0,0,0.101,1
27,4017.0,1,Independiente,9117.0,12,Bueno,5,6423.0,0,0.189,0
23,4664.0,22,Independiente,3351.0,36,Regular,4,5398.0,0,0.02,1
21,2866.0,2,Independiente,6490.0,48,Malo,4,1252.0,1,0.047,1
44,5028.0,8,Formal,6211.0,48,Bueno,3,1324.0,1,0.026,1
25,4292.0,27,Formal,8941.0,48,Bueno,5,6501.0,0,0.043,0
68,5096.0,18,Formal,3816.0,24,Bueno,5,5082.0,1,0.031,0
32,3983.0,16,Independiente,3305.0,48,Regular,4,1318.0,0,0.017,0
52,7424.0,24,Formal,7478.0,24,Bueno,0,6490.0,1,0.042,0
54,4631.0,23,Independiente,3951.0,24,Regular,1,1053.0,0,0.036,1
45,5311.0,26,Formal,15142.0,12,Bueno,5,1005.0,1,0.238,0
64,5021.0,19,Formal,10832.0,24,Malo,0,8315.0,1,0.09,1
26,3822.0,13,Independiente,10657.0,12,Bueno,3,3747.0,0,0.232,0
32,4478.0,3,Informal,1871.0,36,Bueno,3,2006.0,0,0.012,0
33,3258.0,11,Formal,5181.0,12,Bueno,2,5168.0,0,0.133,0
27,7213.0,21,Informal,5820.0,36,Bueno,4,12969.0,0,0.022,1
35,4820.0,7,Formal,3581.0,12,Bueno,0,7671.0,0,0.062,0
36,3012.0,20,Formal,9549.0,48,Malo,1,4053.0,0,0.066,1
58,6573.0,4,Formal,8845.0,24,Regular,1,11383.0,0,0.056,1
35,3894.0,1,Formal,10419.0,24,Malo,1,1384.0,0,0.111,1
63,5590.0,10,Formal,12118.0,36,Malo,2,8831.0,1,0.06,1
58,2155.0,6,Formal,11781.0,60,Bueno,2,1392.0,0,0.091,0
65,6112.0,26,Independiente,25150.0,60,Malo,5,355.0,0,0.069,1
26,4747.0,11,Independiente,6811.0,24,Regular,2,277.0,1,0.06,1
69,2924.0,12,Formal,6156.0,60,Bueno,4,989.0,1,0.035,0
51,4716.0,12,Informal,9480.0,36,Regular,0,6617.0,1,0.056,0
69,6931.0,9,Independiente,13314.0,60,Malo,0,11187.0,0,0.032,1
38,3294.0,27,Formal,2476.0,12,Regular,2,759.0,0,0.063,0
67,3277.0,22,Formal,4285.0,12,Regular,1,4987.0,1,0.109,1
49,3801.0,4,Formal,4889.0,12,Bueno,5,5169.0,0,0.107,0
24,4186.0,6,Informal,7208.0,48,Regular,2,393.0,0,0.036,1
41,5727.0,2,Formal,5199.0,12,Bueno,2,7540.0,1,0.076,0
27,4844.0,7,Formal,12224.0,24,Regular,5,335.0,0,0.105,0
67,3800.0,19,Formal,7788.0,36,Regular,5,1796.0,0,0.057,1
35,4549.0,28,Formal,6446.0,60,Bueno,4,4347.0,0,0.024,0
31,7366.0,14,Formal,8890.0,36,Bueno,2,12056.0,1,0.034,1
48,5152.0,2,Independiente,2047.0,48,Regular,1,977.0,0,0.008,0
41,3949.0,1,Informal,8649.0,24,Bueno,0,2476.0,1,0.091,0
25,3759.0,12,Formal,4021.0,60,Bueno,0,3904.0,1,0.018,0
61,4450.0,7,Formal,11030.0,12,Bueno,4,5929.0,1,0.207,0
62,5701.0,17,Formal,2262.0,24,Regular,0,9394.0,0,0.017,1
57,3124.0,3,Formal,9221.0,36,Bueno,2,2636.0,1,0.082,0
51,5410.0,6,Independiente,4087.0,24,Bueno,3,8189.0,0,0.031,0
40,3920.0,16,Informal,13463.0,36,Malo,3,4354.0,0,0.095,1
47,4132.0,8,Independiente,2603.0,36,Bueno,0,1518.0,0,0.017,0
46,9563.0,10,Formal,7058.0,24,Malo,3,9977.0,0,0.031,0
29,5207.0,6,Informal,10150.0,12,Bueno,1,2941.0,1,0.162,1
25,3383.0,1,Informal,8371.0,12,Bueno,2,4285.0,0,0.206,0
33,4742.0,10,Formal,8340.0,12,Regular,4,2429.0,1,0.147,1
43,5808.0,9,Informal,3157.0,60,Bueno,2,2748.0,1,0.009,0
28,5228.0,26,Independiente,3033.0,36,Malo,2,8896.0,1,0.016,0
26,1778.0,26,Independiente,8161.0,12,Bueno,0,2908.0,0,0.382,0
62,1244.0,12,Formal,7467.0,12,Regular,5,1012.0,1,0.5,0
39,4070.0,8,Formal,3685.0,48,Bueno,3,5608.0,0,0.019,0
49,4818.0,12,Independiente,3559.0,48,Regular,4,8517.0,1,0.015,0
46,4676.0,18,Formal,6504.0,60,Bueno,2,746.0,0,0.023,0
57,3482.0,11,Informal,5515.0,24,Regular,1,3799.0,1,0.066,1
57,5261.0,22,Formal,18112.0,36,Bueno,1,2401.0,0,0.096,0
35,6122.0,28,Formal,13906.0,12,Regular,0,8816.0,0,0.189,1
62,2201.0,12,Independiente,10807.0,48,Bueno,5,402.0,1,0.102,0
39,2127.0,3,Independiente,14853.0,36,Bueno,3,3020.0,0,0.194,0
61,4726.0,3,Formal,4680.0,36,Regular,2,1707.0,0,0.028,0
40,5421.0,26,Independiente,5099.0,12,Bueno,4,4450.0,1,0.078,0
26,3299.0,12,Independiente,12803.0,48,Regular,0,4833.0,1,0.081,0
58,1815.0,9,Independiente,7046.0,24,Regular,2,220.0,1,0.162,1
22,4095.0,18,Formal,7293.0,48,Bueno,2,6842.0,0,0.037,0
58,4701.0,28,Independiente,3415.0,24,Regular,5,1839.0,1,0.03,1
23,3689.0,12,Independiente,12480.0,48,Bueno,4,3325.0,0,0.07,1
31,5862.0,9,Independiente,9469.0,12,Regular,4,7751.0,0,0.135,1
50,4597.0,25,Independiente,5888.0,36,Bueno,1,1022.0,0,0.036,1
67,3170.0,2,Formal,5122.0,48,Bueno,3,3474.0,0,0.034,0
41,3289.0,25,Formal,13592.0,24,Regular,5,3052.0,1,0.172,0
26,4127.0,15,Formal,4714.0,24,Malo,0,4352.0,0,0.048,0
32,3599.0,0,Formal,2792.0,24,Malo,3,4292.0,1,0.032,0
64,2079.0,6,Independiente,14016.0,24,Regular,2,1574.0,0,0.281,1
56,4453.0,20,Independiente,14172.0,36,Bueno,4,2395.0,1,0.088,0
25,3321.0,22,Informal,4704.0,12,Bueno,2,1099.0,0,0.118,0
39,3526.0,5,Independiente,20057.0,12,Bueno,4,5960.0,1,0.474,0
33,2750.0,19,Independiente,6596.0,24,Regular,1,1987.0,0,0.1,0
29,7000.0,29,Independiente,4735.0,24,Bueno,5,3556.0,0,0.028,0
62,5093.0,20,Formal,9298.0,24,Malo,5,482.0,1,0.076,0
51,7657.0,21,Independiente,3109.0,48,Bueno,3,10354.0,0,0.008,0
29,3683.0,5,Formal,3935.0,12,Bueno,2,3499.0,0,0.089,0
52,5200.0,19,Formal,8190.0,60,Regular,0,1787.0,0,0.026,1
41,4482.0,21,Informal,7387.0,48,Bueno,1,7207.0,0,0.034,0
24,3215.0,3,Independiente,11407.0,36,Bueno,2,5404.0,0,0.099,0
43,3669.0,9,Formal,3392.0,48,Bueno,4,5816.0,0,0.019,0
30,5090.0,26,Independiente,18182.0,36,Malo,5,5140.0,1,0.099,1
33,2748.0,29,Informal,5453.0,36,Bueno,3,1846.0,0,0.055,1
64,5883.0,5,Formal,7237.0,24,Bueno,5,1714.0,0,0.051,0
55,4347.0,21,Informal,5309.0,36,Bueno,1,2952.0,0,0.034,1
27,5595.0,15,Informal,3093.0,12,Regular,4,6165.0,0,0.046,1
62,4708.0,17,Independiente,6798.0,36,Bueno,3,1920.0,0,0.04,0
49,2208.0,15,Formal,10074.0,12,Regular,0,1844.0,1,0.38,1
63,4071.0,26,Formal,6226.0,36,Bueno,4,4200.0,0,0.042,0
57,5931.0,13,Formal,4198.0,36,Malo,5,7809.0,0,0.02,1
37,4324.0,17,Formal,11617.0,24,Regular,2,711.0,1,0.112,0
47,4109.0,20,Independiente,11860.0,24,Regular,1,6412.0,1,0.12,0
47,4323.0,16,Informal,6041.0,48,Bueno,1,3549.0,1,0.029,0
56,2020.0,26,Formal,8475.0,24,Bueno,3,2116.0,0,0.175,0
33,6159.0,7,Formal,11570.0,12,Bueno,4,10425.0,0,0.157,0
37,1652.0,28,Independiente,10012.0,24,Bueno,1,500.0,0,0.253,0
32,6637.0,20,Formal,8342.0,60,Bueno,4,10567.0,1,0.021,1
35,3587.0,28,Independiente,9785.0,36,Bueno,4,5194.0,1,0.076,1
28,4828.0,11,Informal,8802.0,36,Bueno,0,8638.0,1,0.051,0
22,1957.0,14,Formal,7020.0,48,Bueno,2,1385.0,0,0.075,1
67,5400.0,1,Formal,3351.0,36,Bueno,1,1233.0,0,0.017,0
24,5062.0,27,Independiente,3839.0,48,Bueno,4,129.0,0,0.016,0
64,4949.0,24,Formal,9013.0,36,Regular,3,7061.0,1,0.051,0
21,1925.0,8,Informal,5278.0,48,Bueno,3,473.0,0,0.057,0
59,3058.0,1,Informal,8834.0,36,Regular,1,1684.0,0,0.08,1
37,4717.0,20,Formal,3298.0,24,Bueno,2,8383.0,0,0.029,0
46,6096.0,20,Independiente,4430.0,12,Malo,5,4851.0,0,0.061,0
34,2892.0,15,Independiente,6226.0,12,Bueno,5,1204.0,0,0.179,1
45,2921.0,4,Formal,1657.0,36,Bueno,0,3960.0,0,0.016,0
43,4604.0,27,Formal,4095.0,60,Regular,2,2250.0,1,0.015,1
46,9216.0,12,Informal,4770.0,48,Bueno,4,8809.0,0,0.011,0
40,3236.0,21,Formal,7688.0,48,Bueno,1,916.0,0,0.049,0
47,3571.0,25,Independiente,6011.0,36,Bueno,5,2962.0,0,0.047,0
61,3380.0,16,Formal,7919.0,60,Malo,2,661.0,1,0.039,0
42,3923.0,2,Formal,7161.0,48,Malo,2,5459.0,0,0.038,1
38,6278.0,26,Informal,5872.0,24,Bueno,5,4126.0,1,0.039,1
27,4000.0,20,Independiente,4789.0,36,Regular,3,2295.0,0,0.033,0
38,9573.0,26,Independiente,7297.0,36,Bueno,0,17124.0,0,0.021,0
27,4267.0,18,Formal,13327.0,24,Bueno,0,6373.0,1,0.13,0
29,6506.0,27,Informal,4772.0,24,Bueno,5,6487.0,0,0.031,0
67,3669.0,26,Formal,17776.0,24,Bueno,3,6236.0,0,0.202,0
25,2538.0,6,Independiente,7374.0,24,Malo,5,966.0,0,0.121,1
44,3997.0,5,Formal,11092.0,24,Regular,5,4126.0,1,0.116,0
61,4976.0,4,Independiente,8528.0,60,Malo,4,8321.0,0,0.029,1
67,3068.0,23,Independiente,9225.0,24,Regular,5,3146.0,0,0.125,1
28,6116.0,7,Formal,4076.0,48,Bueno,5,3391.0,0,0.014,1
29,3440.0,13,Independiente,5252.0,12,Regular,2,5026.0,0,0.127,0
39,2750.0,23,Formal,2442.0,60,Bueno,3,687.0,0,0.015,0
48,8838.0,12,Independiente,6146.0,48,Malo,4,2418.0,1,0.014,1
68,3009.0,1,Independiente,9703.0,60,Bueno,5,3960.0,0,0.054,1
31,3403.0,10,Informal,6172.0,36,Regular,4,425.0,1,0.05,0
29,5278.0,2,Formal,11427.0,36,Regular,4,481.0,1,0.06,0
33,3623.0,11,Formal,5548.0,24,Bueno,1,2472.0,1,0.064,0
63,2787.0,22,Formal,4600.0,36,Bueno,2,1996.0,0,0.046,1
22,3280.0,15,Formal,5124.0,48,Bueno,4,2773.0,0,0.033,1
39,7855.0,20,Independiente,10218.0,12,Bueno,0,10473.0,0,0.108,1
26,5042.0,3,Formal,15685.0,12,Malo,0,5163.0,1,0.259,1
28,5410.0,22,Formal,18768.0,48,Bueno,4,6949.0,1,0.072,0
65,4521.0,12,Formal,9639.0,12,Bueno,5,406.0,0,0.178,0
21,4804.0,8,Independiente,11139.0,48,Bueno,2,2730.0,0,0.048,0
36,3522.0,19,Independiente,2785.0,24,Bueno,5,6127.0,1,0.033,0
65,4314.0,4,Formal,3257.0,24,Bueno,2,3322.0,0,0.031,1
50,1864.0,14,Informal,4180.0,24,Malo,3,747.0,1,0.093,1
24,5788.0,12,Formal,13766.0,36,Regular,5,10336.0,0,0.066,0
43,3511.0,4,Independiente,13659.0,48,Malo,2,2599.0,0,0.081,1
68,2620.0,28,Formal,21080.0,48,Bueno,5,2258.0,1,0.168,0
40,4405.0,10,Informal,4125.0,24,Bueno,5,1774.0,1,0.039,0
46,3819.0,1,Formal,6563.0,24,Bueno,4,4512.0,1,0.072,0
47,5711.0,13,Informal,2432.0,48,Bueno,0,2130.0,1,0.009,0
53,4030.0,28,Independiente,2959.0,12,Bueno,5,4424.0,0,0.061,0
30,3254.0,20,Independiente,5859.0,12,Bueno,2,4436.0,0,0.15,0
62,4066.0,19,Independiente,4232.0,36,Regular,1,4775.0,1,0.029,0
69,6789.0,27,Formal,4261.0,48,Bueno,2,1104.0,0,0.013,0
27,5782.0,2,Formal,4898.0,24,Regular,2,830.0,1,0.035,0
61,5037.0,16,Informal,14622.0,12,Regular,2,7637.0,0,0.242,1
61,5876.0,9,Independiente,12296.0,60,Regular,4,9567.0,1,0.035,1
57,5181.0,20,Formal,3812.0,60,Bueno,0,1265.0,1,0.012,1
39,2929.0,25,Formal,12111.0,36,Regular,3,1980.0,0,0.115,1
43,5426.0,2,Formal,4432.0,36,Bueno,1,6388.0,1,0.023,0
62,6137.0,4,Independiente,2763.0,60,Bueno,4,9229.0,1,0.008,0
28,6268.0,28,Independiente,4798.0,36,Bueno,5,10256.0,0,0.021,1
61,2700.0,14,Independiente,8101.0,48,Bueno,2,3396.0,0,0.063,0
66,3407.0,9,Formal,4067.0,36,Bueno,4,904.0,0,0.033,0
54,3221.0,4,Informal,9542.0,24,Regular,1,4455.0,0,0.123,1
37,3656.0,10,Formal,4994.0,48,Regular,5,5653.0,1,0.028,0
48,4843.0,0,Formal,8426.0,36,Bueno,3,3062.0,0,0.048,1
23,4364.0,6,Informal,3786.0,24,Bueno,3,3882.0,0,0.036,1
66,4365.0,5,Independiente,6927.0,36,Bueno,0,1307.0,1,0.044,0
37,2437.0,2,Independiente,4140.0,48,Malo,3,1336.0,1,0.035,1
23,3360.0,29,Informal,5956.0,24,Bueno,4,5261.0,0,0.074,0
59,6443.0,23,Formal,17922.0,48,Bueno,3,1030.0,0,0.058,1
53,6127.0,28,Formal,5377.0,12,Bueno,0,8408.0,1,0.073,0
51,4005.0,7,Formal,3214.0,36,Regular,4,704.0,0,0.022,1
23,5432.0,8,Formal,7173.0,60,Bueno,3,2861.0,1,0.022,0
57,4683.0,8,Independiente,7241.0,48,Bueno,5,4909.0,0,0.032,0
52,5653.0,16,Independiente,7215.0,48,Bueno,5,34.0,0,0.027,0
59,5520.0,5,Formal,9241.0,36,Regular,1,6711.0,1,0.047,0
61,4123.0,7,Independiente,5233.0,36,Bueno,1,2347.0,1,0.035,0
31,5049.0,29,Formal,9741.0,36,Malo,5,6803.0,0,0.054,1
31,4796.0,10,Formal,6770.0,24,Malo,0,8419.0,1,0.059,1
66,4163.0,23,Formal,3107.0,36,Bueno,5,3121.0,0,0.021,0
47,3838.0,6,Independiente,10493.0,36,Malo,0,207.0,0,0.076,1
42,7433.0,27,Formal,7556.0,36,Regular,2,11358.0,0,0.028,0
35,4165.0,20,Informal,9463.0,36,Bueno,0,2059.0,0,0.063,0
52,5307.0,25,Informal,3324.0,24,Regular,5,1420.0,0,0.026,1
57,7212.0,15,Independiente,10832.0,24,Bueno,3,11414.0,0,0.063,0
21,5045.0,27,Independiente,20502.0,24,Bueno,5,2112.0,0,0.169,0
48,4962.0,10,Independiente,3178.0,36,Bueno,0,5406.0,1,0.018,0
69,4174.0,14,Informal,11663.0,12,Regular,0,1908.0,0,0.233,1
34,4828.0,1,Independiente,7574.0,60,Malo,3,6192.0,1,0.026,1
34,3721.0,5,Formal,6810.0,12,Bueno,0,4345.0,1,0.153,0
64,10071.0,23,Formal,10900.0,48,Regular,3,9230.0,0,0.023,0
24,2458.0,9,Informal,10260.0,24,Regular,4,2456.0,1,0.174,1
40,3926.0,3,Formal,13247.0,48,Malo,2,1606.0,1,0.07,1
43,5076.0,8,Independiente,3400.0,48,Bueno,4,200.0,0,0.014,1
60,4964.0,10,Informal,13526.0,60,Bueno,0,7154.0,1,0.045,0
27,3718.0,21,Formal,8380.0,48,Bueno,1,5952.0,0,0.047,0
42,2136.0,2,Formal,2475.0,48,Bueno,0,2991.0,0,0.024,0
28,2606.0,0,Formal,5405.0,24,Bueno,2,3321.0,0,0.086,0
59,4476.0,21,Formal,7670.0,36,Bueno,2,3802.0,1,0.048,0
51,1907.0,4,Independiente,5338.0,24,Bueno,3,2004.0,0,0.117,0
45,5208.0,12,Formal,6345.0,48,Malo,0,6484.0,1,0.025,0
40,6322.0,20,Formal,4917.0,48,Bueno,2,298.0,0,0.016,0
28,5548.0,15,Independiente,26383.0,24,Bueno,4,4231.0,1,0.198,0
66,5956.0,3,Formal,9827.0,36,Regular,0,2409.0,0,0.046,0
52,1934.0,21,Formal,7152.0,24,Bueno,4,1269.0,1,0.154,0
36,3773.0,1,Formal,3735.0,36,Regular,1,5088.0,0,0.027,0
41,2845.0,6,Informal,13266.0,36,Regular,5,1861.0,1,0.13,0
56,2266.0,3,Formal,9134.0,36,Bueno,4,3015.0,0,0.112,1
56,3486.0,15,Formal,3963.0,48,Bueno,2,6098.0,1,0.024,0
43,7143.0,20,Formal,3980.0,24,Bueno,0,11872.0,0,0.023,0
35,7894.0,19,Independiente,6432.0,48,Bueno,2,11761.0,0,0.017,1
53,2981.0,4,Independiente,7193.0,36,Regular,3,4577.0,1,0.067,0
53,4274.0,10,Formal,9700.0,24,Bueno,2,3031.0,1,0.095,0
50,4803.0,4,Independiente,6674.0,36,Bueno,3,6325.0,1,0.039,0
24,3783.0,10,Independiente,10153.0,12,Bueno,4,4542.0,0,0.224,0
44,6493.0,6,Informal,5341.0,36,Bueno,5,11487.0,0,0.023,0
51,3505.0,22,Independiente,6684.0,48,Bueno,2,3627.0,0,0.04,1
67,3291.0,22,Independiente,13534.0,12,Bueno,5,2546.0,0,0.343,1
46,3040.0,24,Formal,10405.0,12,Bueno,1,4582.0,1,0.285,0
37,3773.0,6,Formal,6909.0,36,Regular,5,5091.0,0,0.051,1
48,1425.0,0,Informal,8215.0,24,Malo,0,320.0,0,0.24,1
29,3839.0,1,Formal,6700.0,24,Regular,3,4120.0,0,0.073,0
25,4370.0,25,Formal,2976.0,36,Bueno,4,4659.0,1,0.019,1
54,1678.0,27,Independiente,1306.0,36,Bueno,0,1908.0,0,0.022,0
69,4472.0,6,Informal,16061.0,48,Regular,2,7579.0,0,0.075,0
62,2781.0,26,Formal,4117.0,36,Regular,1,3014.0,1,0.041,0
49,4441.0,15,Informal,5576.0,36,Malo,4,6955.0,1,0.035,1
22,4407.0,5,Formal,23887.0,24,Bueno,2,2843.0,0,0.226,1
69,4443.0,9,Informal,3650.0,24,Bueno,0,459.0,0,0.034,1
43,5589.0,7,Informal,6485.0,36,Bueno,0,3775.0,1,0.032,0
35,1126.0,22,Independiente,14021.0,48,Malo,0,1080.0,0,0.259,1
64,2739.0,5,Informal,17971.0,60,Regular,0,4108.0,1,0.109,1
57,3799.0,5,Informal,9064.0,12,Malo,2,4321.0,1,0.199,1
57,2083.0,21,Informal,13333.0,36,Regular,1,1658.0,1,0.178,1
34,5395.0,9,Independiente,6117.0,36,Malo,1,4485.0,0,0.031,1
69,2897.0,7,Formal,1303.0,12,Bueno,2,5197.0,1,0.037,0
43,5910.0,24,Formal,12688.0,48,Malo,2,1504.0,0,0.045,1
47,5988.0,27,Formal,6820.0,24,Malo,3,2215.0,0,0.047,0
57,3937.0,16,Independiente,5719.0,48,Regular,2,4431.0,1,0.03,1
53,3861.0,24,Formal,5432.0,36,Malo,5,4875.0,1,0.039,0
29,2378.0,25,Informal,10044.0,24,Bueno,2,1691.0,0,0.176,0
35,4223.0,17,Formal,9980.0,48,Regular,2,244.0,0,0.049,0
38,5570.0,24,Formal,6932.0,24,Regular,2,5234.0,1,0.052,0
67,4646.0,0,Formal,8824.0,48,Regular,0,1207.0,0,0.04,0
56,6791.0,1,Formal,3608.0,48,Regular,4,685.0,0,0.011,0
38,3636.0,26,Formal,6168.0,36,Regular,3,2256.0,0,0.047,0
57,3634.0,4,Independiente,3705.0,24,Bueno,2,887.0,0,0.042,0
57,2970.0,21,Formal,3632.0,36,Regular,2,2347.0,1,0.034,0
40,8468.0,12,Informal,8362.0,36,Malo,3,11610.0,0,0.027,1
40,2370.0,23,Formal,7142.0,36,Regular,5,201.0,1,0.084,0
64,5420.0,19,Independiente,5347.0,36,Bueno,2,4877.0,0,0.027,0
48,5613.0,2,Independiente,5996.0,36,Malo,2,5021.0,1,0.03,0
28,5524.0,10,Formal,8753.0,48,Regular,0,18.0,0,0.033,1
56,3062.0,21,Formal,10158.0,48,Bueno,1,4069.0,0,0.069,1
49,2524.0,27,Informal,9271.0,36,Regular,4,408.0,0,0.102,1
45,3936.0,24,Independiente,2408.0,24,Regular,4,6603.0,0,0.025,0
56,5130.0,26,Formal,1599.0,36,Regular,4,5904.0,1,0.009,0
65,3314.0,28,Independiente,4346.0,36,Bueno,2,1717.0,1,0.036,0
37,3733.0,26,Formal,1612.0,48,Bueno,5,6217.0,1,0.009,0
41,3335.0,17,Formal,15039.0,48,Malo,3,2404.0,0,0.094,1
30,4329.0,10,Formal,5882.0,48,Malo,0,2028.0,0,0.028,0
52,4224.0,15,Independiente,3094.0,24,Bueno,0,2923.0,1,0.031,0
40,7255.0,23,Formal,5844.0,48,Malo,2,7987.0,0,0.017,0
37,5172.0,12,Independiente,2079.0,48,Bueno,2,6736.0,1,0.008,0
55,2572.0,24,Formal,3137.0,24,Bueno,0,3064.0,0,0.051,1
40,2648.0,21,Formal,5596.0,12,Regular,0,4391.0,0,0.176,1
43,5456.0,6,Formal,5074.0,12,Bueno,3,9390.0,1,0.077,1
42,4208.0,27,Formal,5570.0,36,Bueno,4,1493.0,1,0.037,0
33,8267.0,25,Informal,8908.0,36,Malo,1,13579.0,0,0.03,1
27,8258.0,17,Independiente,11547.0,24,Bueno,1,1586.0,1,0.058,1
61,2964.0,5,Formal,7399.0,36,Bueno,3,5105.0,1,0.069,1
25,4673.0,6,Formal,11884.0,48,Bueno,0,2181.0,1,0.053,0
36,2660.0,25,Formal,5142.0,48,Regular,5,1273.0,0,0.04,0
53,5422.0,0,Informal,12772.0,48,Regular,3,4114.0,0,0.049,1
27,7659.0,14,Independiente,7465.0,48,Bueno,2,2506.0,0,0.02,0
53,4432.0,18,Informal,11003.0,36,Bueno,3,6603.0,0,0.069,1
56,3589.0,6,Formal,5202.0,48,Bueno,0,806.0,0,0.03,1
53,4850.0,25,Independiente,7276.0,36,Regular,1,3835.0,0,0.042,1
35,5839.0,15,Independiente,19288.0,48,Malo,3,9534.0,0,0.069,1
21,5854.0,1,Independiente,7246.0,48,Bueno,5,6695.0,1,0.026,0
64,3604.0,9,Formal,11491.0,36,Malo,5,3939.0,1,0.089,0
37,3283.0,11,Formal,12274.0,36,Malo,3,5878.0,0,0.104,1
60,4580.0,6,Formal,9667.0,24,Bueno,2,186.0,0,0.088,1
30,3692.0,28,Informal,10616.0,24,Bueno,5,2125.0,0,0.12,0
28,6494.0,10,Formal,5211.0,12,Regular,0,1461.0,0,0.067,0
59,3676.0,15,Independiente,4263.0,12,Malo,1,1221.0,1,0.097,0
67,4314.0,16,Informal,3737.0,36,Bueno,2,1677.0,1,0.024,0
63,4805.0,6,Independiente,8678.0,12,Bueno,3,5422.0,0,0.151,1
57,2402.0,17,Formal,7129.0,48,Regular,4,1176.0,1,0.062,0
33,3385.0,10,Formal,8347.0,36,Regular,2,4047.0,0,0.068,1
65,8122.0,0,Independiente,3373.0,48,Bueno,5,10790.0,1,0.009,1
53,5746.0,12,Informal,4659.0,36,Bueno,2,4157.0,0,0.023,0
29,3658.0,17,Informal,11317.0,24,Bueno,3,3531.0,1,0.129,0
27,5430.0,3,Formal,7756.0,24,Malo,0,1291.0,0,0.06,1
63,6453.0,23,Informal,7496.0,48,Regular,0,8742.0,1,0.024,0
34,3868.0,19,Formal,6143.0,12,Bueno,1,2918.0,1,0.132,0
58,5643.0,9,Independiente,4416.0,36,Malo,0,8478.0,0,0.022,1
27,5344.0,17,Formal,13003.0,24,Bueno,5,5062.0,1,0.101,0
34,2676.0,9,Formal,14188.0,24,Malo,3,3356.0,1,0.221,0
34,3876.0,19,Independiente,7297.0,12,Bueno,5,2502.0,0,0.157,1
34,7330.0,4,Formal,2175.0,36,Bueno,1,4905.0,1,0.008,0
54,8030.0,18,Informal,6504.0,12,Bueno,0,6309.0,1,0.067,0
65,5764.0,1,Formal,14754.0,48,Bueno,1,6599.0,1,0.053,0
65,3343.0,0,Informal,4738.0,12,Regular,0,3048.0,0,0.118,1
57,1727.0,7,Formal,5403.0,24,Bueno,1,2500.0,1,0.13,0
30,3177.0,5,Formal,11028.0,12,Bueno,0,313.0,0,0.289,0
68,2543.0,14,Formal,5351.0,60,Regular,1,4122.0,0,0.035,0
47,7541.0,4,Independiente,7065.0,36,Bueno,3,12570.0,1,0.026,0
47,2065.0,7,Informal,1829.0,36,Bueno,5,907.0,0,0.025,1
55,2703.0,2,Formal,14373.0,36,Bueno,1,490.0,0,0.148,1
58,4545.0,26,Formal,10524.0,48,Malo,5,4678.0,0,0.048,1
67,4197.0,22,Formal,12514.0,12,Regular,4,485.0,0,0.248,0
49,7188.0,6,Independiente,4040.0,48,Malo,0,2972.0,0,0.012,1
50,5220.0,3,Independiente,16073.0,48,Regular,0,4769.0,1,0.064,1
57,3981.0,25,Informal,6702.0,12,Bueno,0,4398.0,0,0.14,0
33,6540.0,20,Formal,13107.0,12,Bueno,4,2287.0,1,0.167,0
36,3619.0,26,Formal,8548.0,36,Regular,4,6076.0,0,0.066,1
51,7416.0,5,Formal,10790.0,12,Bueno,5,2420.0,0,0.121,0
24,3018.0,10,Informal,8912.0,24,Malo,3,835.0,0,0.123,1
36,1343.0,3,Independiente,5327.0,36,Bueno,0,392.0,0,0.11,0
56,4140.0,12,Formal,2619.0,24,Bueno,5,6927.0,1,0.026,0
68,1822.0,4,Independiente,13660.0,48,Regular,5,2882.0,1,0.156,0
46,5877.0,0,Independiente,1371.0,36,Bueno,4,350.0,1,0.006,0
40,4449.0,15,Formal,11446.0,36,Regular,5,5819.0,0,0.071,0
42,7424.0,29,Formal,13650.0,36,Regular,1,982.0,0,0.051,0
54,3824.0,19,Independiente,3020.0,36,Regular,3,518.0,1,0.022,0
47,2389.0,22,Independiente,5500.0,36,Malo,3,327.0,0,0.064,1
22,4970.0,24,Formal,2818.0,48,Bueno,1,7422.0,1,0.012,0
47,3422.0,29,Formal,4877.0,24,Bueno,5,2633.0,0,0.059,0
40,5558.0,3,Formal,12403.0,36,Malo,3,5573.0,1,0.062,1
55,3042.0,7,Independiente,10723.0,48,Bueno,5,169.0,0,0.073,0
63,6904.0,18,Formal,9944.0,36,Bueno,1,11196.0,0,0.04,0
68,4313.0,24,Formal,5522.0,24,Bueno,2,7624.0,0,0.053,1
50,3987.0,23,Formal,1461.0,12,Regular,5,1688.0,0,0.031,1
38,6726.0,21,Informal,3284.0,36,Regular,1,7948.0,0,0.014,1
42,5910.0,9,Formal,6142.0,48,Bueno,3,7221.0,0,0.022,1
29,3198.0,10,Formal,3722.0,48,Bueno,4,5562.0,1,0.024,0
66,5845.0,2,Formal,11513.0,36,Bueno,4,5090.0,1,0.055,0
62,5391.0,9,Independiente,16350.0,12,Bueno,4,2309.0,1,0.253,1
62,4070.0,4,Informal,8511.0,48,Bueno,3,2639.0,0,0.044,1
37,5667.0,28,Informal,2998.0,36,Regular,0,6524.0,0,0.015,0
36,6892.0,2,Formal,13934.0,60,Malo,1,5861.0,1,0.034,1
62,4115.0,10,Formal,7499.0,48,Regular,4,588.0,1,0.038,0
47,4120.0,26,Formal,6938.0,36,Malo,3,5987.0,0,0.047,0
55,4037.0,28,Independiente,9489.0,36,Malo,2,6280.0,0,0.065,1
45,3150.0,11,Independiente,3369.0,36,Regular,5,2712.0,0,0.03,0
42,4099.0,13,Formal,5575.0,24,Regular,2,3862.0,0,0.057,0
51,3931.0,15,Independiente,6669.0,36,Regular,2,3478.0,1,0.047,0
60,3846.0,24,Formal,8106.0,24,Regular,2,3667.0,0,0.088,0
37,3825.0,23,Independiente,8570.0,12,Bueno,2,707.0,0,0.187,1
60,2701.0,15,Formal,9480.0,48,Bueno,3,2108.0,0,0.073,0
32,6135.0,11,Formal,4955.0,24,Regular,5,4946.0,1,0.034,0
40,3383.0,11,Formal,2313.0,48,Malo,5,6075.0,0,0.014,1
65,7043.0,19,Formal,6107.0,36,Regular,2,617.0,1,0.024,0
67,2915.0,25,Formal,6549.0,48,Bueno,2,1638.0,1,0.047,0
66,7663.0,2,Independiente,2251.0,48,Regular,5,6841.0,1,0.006,1
36,3685.0,23,Independiente,4798.0,48,Regular,3,5620.0,0,0.027,1
62,5872.0,14,Independiente,7697.0,36,Regular,1,4875.0,0,0.036,1
66,4433.0,4,Formal,5241.0,60,Bueno,3,2322.0,1,0.02,0
68,2564.0,2,Informal,7523.0,36,Bueno,4,2470.0,1,0.082,0
22,2614.0,10,Informal,5109.0,48,Bueno,2,1398.0,1,0.041,0
57,3279.0,7,Independiente,9868.0,36,Malo,3,3236.0,0,0.084,1
69,3607.0,3,Independiente,3898.0,24,Bueno,4,4479.0,0,0.045,0
58,4164.0,8,Independiente,6987.0,36,Malo,0,3978.0,0,0.047,0
32,4787.0,25,Independiente,7180.0,36,Bueno,5,5253.0,0,0.042,0
58,3962.0,21,Formal,11269.0,24,Malo,0,276.0,0,0.119,1
26,4692.0,6,Independiente,5746.0,24,Bueno,0,5564.0,0,0.051,0
44,4978.0,20,Formal,16224.0,24,Regular,1,8689.0,0,0.136,1
51,3897.0,13,Informal,15886.0,60,Regular,0,3449.0,0,0.068,1
43,5358.0,22,Independiente,4051.0,36,Regular,3,7742.0,0,0.021,1
55,5807.0,7,Informal,6872.0,24,Regular,3,5737.0,0,0.049,1
32,5026.0,1,Formal,3184.0,48,Bueno,2,6369.0,0,0.013,0
50,5133.0,9,Independiente,9074.0,36,Bueno,5,2863.0,1,0.049,0
52,4537.0,29,Independiente,5199.0,48,Bueno,1,7896.0,0,0.024,1
52,6339.0,16,Informal,7442.0,36,Regular,5,2455.0,0,0.033,1
35,4199.0,1,Informal,6016.0,12,Regular,3,1202.0,0,0.119,1
35,3301.0,29,Formal,25839.0,24,Bueno,4,270.0,1,0.326,0
33,4246.0,24,Informal,6418.0,48,Regular,5,4136.0,0,0.031,0
43,2580.0,16,Informal,6099.0,48,Bueno,1,2874.0,1,0.049,0
49,2467.0,22,Informal,11677.0,48,Bueno,0,2884.0,0,0.099,0
38,5818.0,5,Independiente,12602.0,12,Bueno,4,1804.0,0,0.181,0
41,7087.0,17,Informal,8055.0,48,Regular,3,8310.0,0,0.024,1
35,3727.0,27,Formal,12795.0,36,Bueno,1,1108.0,0,0.095,0
31,5839.0,13,Formal,23451.0,36,Malo,5,7935.0,0,0.112,1
53,2104.0,1,Formal,5834.0,24,Regular,4,1042.0,0,0.116,0
60,1974.0,22,Independiente,3411.0,48,Regular,3,1500.0,1,0.036,1
35,6407.0,21,Informal,8687.0,60,Bueno,0,4235.0,0,0.023,0
63,5032.0,22,Independiente,12141.0,24,Regular,5,3331.0,0,0.101,0
48,4206.0,19,Formal,15503.0,48,Malo,3,5458.0,1,0.077,1
29,7535.0,4,Independiente,9567.0,36,Bueno,3,13533.0,0,0.035,0
38,3988.0,3,Independiente,7085.0,24,Bueno,0,3785.0,1,0.074,0
21,2835.0,23,Formal,4408.0,24,Bueno,4,2047.0,0,0.065,0
22,2342.0,25,Independiente,13691.0,48,Bueno,5,1238.0,0,0.122,1
37,4245.0,2,Independiente,8290.0,24,Bueno,4,4772.0,0,0.081,1
43,4533.0,17,Independiente,2349.0,12,Regular,2,3681.0,1,0.043,0
60,3898.0,15,Informal,19264.0,48,Bueno,1,5423.0,0,0.103,1
27,5888.0,10,Formal,3538.0,36,Regular,2,6430.0,0,0.017,0
62,6789.0,19,Formal,12267.0,48,Bueno,3,5034.0,0,0.038,0
32,3712.0,27,Independiente,7913.0,36,Regular,1,6368.0,0,0.059,0
27,2103.0,24,Informal,2459.0,36,Malo,3,43.0,0,0.032,0
55,4702.0,4,Formal,6625.0,48,Bueno,5,5836.0,0,0.029,0
58,6388.0,13,Informal,5844.0,12,Bueno,0,4723.0,1,0.076,0
50,3718.0,28,Independiente,2817.0,24,Bueno,1,814.0,1,0.032,0
26,5132.0,7,Formal,9061.0,36,Bueno,2,856.0,0,0.049,0
26,2759.0,25,Formal,11326.0,60,Regular,1,3225.0,0,0.068,1
40,4660.0,14,Formal,6888.0,24,Malo,4,1240.0,1,0.062,0
43,5168.0,15,Formal,5754.0,60,Regular,0,7964.0,0,0.019,0
69,4708.0,7,Formal,9447.0,48,Malo,0,2635.0,0,0.042,1
35,8305.0,27,Independiente,1179.0,36,Bueno,2,5140.0,1,0.004,0
30,7054.0,15,Independiente,5384.0,36,Bueno,2,8382.0,1,0.021,0
67,5479.0,17,Independiente,5618.0,12,Bueno,4,2171.0,0,0.085,1
28,6158.0,13,Formal,7016.0,36,Regular,0,78.0,1,0.032,1
22,4648.0,2,Formal,2710.0,12,Bueno,4,3730.0,1,0.049,0
41,4137.0,23,Informal,1970.0,36,Bueno,1,3931.0,0,0.013,0
40,3573.0,9,Informal,3744.0,24,Malo,5,2868.0,0,0.044,1
51,2738.0,7,Independiente,8983.0,60,Bueno,3,2257.0,1,0.055,0
64,7180.0,23,Formal,5563.0,24,Bueno,4,8604.0,1,0.032,0
66,8435.0,5,Informal,3729.0,36,Bueno,0,12840.0,0,0.012,0
35,4282.0,20,Informal,17624.0,24,Bueno,4,2817.0,0,0.171,0
69,4310.0,14,Formal,5751.0,12,Bueno,2,6130.0,0,0.111,1
52,5248.0,23,Formal,7040.0,24,Bueno,3,592.0,0,0.056,0
24,3995.0,1,Formal,13577.0,48,Bueno,0,3454.0,0,0.071,1
66,2865.0,23,Independiente,7625.0,36,Regular,3,1940.0,0,0.074,0
27,2552.0,6,Independiente,9395.0,36,Bueno,5,2140.0,1,0.102,1
49,8316.0,26,Formal,4280.0,48,Regular,5,1369.0,1,0.011,0
59,2211.0,10,Formal,7257.0,12,Regular,5,553.0,0,0.274,0
33,4775.0,0,Formal,16398.0,48,Regular,4,2522.0,0,0.072,1
34,2315.0,14,Independiente,8740.0,12,Malo,1,1140.0,0,0.315,1
44,4068.0,1,Independiente,8048.0,48,Bueno,2,2820.0,0,0.041,1
64,3705.0,8,Formal,6083.0,60,Bueno,0,3049.0,0,0.027,0
31,2450.0,21,Independiente,3156.0,48,Bueno,1,975.0,1,0.027,0
53,5317.0,16,Informal,12781.0,12,Bueno,1,5926.0,1,0.2,1
43,2792.0,21,Formal,6727.0,36,Regular,4,1889.0,0,0.067,1
26,2332.0,26,Independiente,4648.0,48,Regular,0,252.0,0,0.042,0
55,5536.0,14,Formal,2952.0,36,Bueno,5,2428.0,1,0.015,0
61,3711.0,16,Formal,8282.0,24,Bueno,4,3742.0,1,0.093,0
49,3168.0,1,Informal,3467.0,36,Malo,4,3461.0,0,0.03,1
29,5664.0,8,Informal,12843.0,12,Bueno,3,8153.0,0,0.189,1
28,2740.0,21,Formal,4811.0,36,Bueno,1,1211.0,0,0.049,1
41,2123.0,1,Formal,7347.0,12,Malo,3,2148.0,0,0.288,1
45,6615.0,10,Formal,8644.0,36,Regular,3,5669.0,0,0.036,1
48,7852.0,4,Independiente,8096.0,24,Bueno,5,11993.0,1,0.043,1
32,4028.0,25,Formal,11347.0,24,Bueno,4,5293.0,0,0.117,1
45,1303.0,16,Formal,5076.0,12,Regular,4,310.0,0,0.325,1
35,4008.0,19,Formal,7068.0,60,Bueno,2,6917.0,0,0.029,0
54,5787.0,20,Independiente,9680.0,36,Malo,2,3700.0,1,0.046,0
60,6359.0,6,Informal,15534.0,36,Regular,4,10926.0,0,0.068,0
52,2854.0,1,Formal,10903.0,48,Regular,3,1465.0,0,0.08,1
21,3778.0,11,Independiente,12037.0,36,Regular,2,3189.0,1,0.089,1
69,4636.0,5,Informal,5836.0,36,Malo,2,4594.0,0,0.035,1
22,5660.0,9,Formal,8738.0,36,Bueno,3,648.0,1,0.043,0
69,5434.0,9,Informal,14307.0,24,Bueno,3,7000.0,0,0.11,1
22,5108.0,23,Independiente,6868.0,36,Regular,2,963.0,0,0.037,1
46,6353.0,9,Independiente,8766.0,24,Bueno,0,1877.0,0,0.057,0
26,4135.0,4,Independiente,2547.0,60,Regular,5,2160.0,0,0.01,1
25,7206.0,28,Formal,10201.0,36,Bueno,1,12462.0,0,0.039,0
54,3425.0,1,Formal,8000.0,24,Bueno,0,5999.0,1,0.097,0
56,5466.0,6,Formal,9830.0,36,Bueno,1,4814.0,0,0.05,0
26,3607.0,10,Independiente,5917.0,12,Regular,5,3463.0,0,0.137,0
68,4050.0,1,Informal,2188.0,36,Bueno,1,1544.0,0,0.015,0
36,4287.0,26,Formal,10469.0,48,Bueno,4,3226.0,1,0.051,0
36,3532.0,10,Formal,4623.0,48,Bueno,2,6259.0,0,0.027,0
35,6459.0,23,Formal,2721.0,48,Bueno,3,9194.0,0,0.009,1
43,3672.0,4,Informal,7694.0,36,Regular,4,4610.0,0,0.058,1
29,4205.0,15,Formal,16639.0,36,Malo,1,2107.0,1,0.11,0
41,5225.0,3,Informal,4220.0,12,Regular,2,7177.0,0,0.067,1
31,9730.0,6,Formal,4734.0,36,Regular,4,16928.0,1,0.014,0
23,5297.0,12,Formal,10759.0,36,Bueno,5,9420.0,0,0.056,0
39,4343.0,25,Formal,6238.0,12,Malo,5,4689.0,0,0.12,1
53,1995.0,9,Formal,10448.0,12,Malo,1,577.0,0,0.436,1
58,4010.0,22,Formal,6047.0,12,Regular,1,6959.0,1,0.126,0
38,3304.0,2,Informal,5502.0,24,Bueno,5,3220.0,0,0.069,1
36,3760.0,7,Independiente,4343.0,12,Bueno,4,259.0,1,0.096,0
59,3580.0,18,Formal,8397.0,36,Bueno,1,525.0,0,0.065,0
54,5206.0,14,Independiente,4327.0,36,Bueno,3,5409.0,1,0.023,0
61,3979.0,15,Formal,5311.0,36,Bueno,1,5983.0,0,0.037,1
65,3018.0,20,Independiente,12730.0,24,Malo,0,5115.0,0,0.176,1
61,5879.0,2,Independiente,20559.0,36,Bueno,0,9994.0,0,0.097,0
66,2636.0,20,Informal,8993.0,48,Bueno,2,2745.0,0,0.071,0
41,4269.0,25,Independiente,13001.0,24,Malo,1,7541.0,0,0.127,1
40,4021.0,22,Formal,5684.0,24,Malo,4,1083.0,0,0.059,0
36,4827.0,8,Formal,6130.0,36,Bueno,0,823.0,0,0.035,1
32,6378.0,10,Formal,7897.0,24,Bueno,1,348.0,0,0.052,0
57,10337.0,28,Formal,4664.0,24,Regular,3,14404.0,0,0.019,1
56,4341.0,23,Formal,5457.0,36,Malo,2,7162.0,1,0.035,1
60,3284.0,27,Formal,10252.0,24,Regular,1,4964.0,0,0.13,0
29,3169.0,27,Informal,7161.0,48,Bueno,0,5360.0,0,0.047,0
45,3164.0,13,Informal,6502.0,48,Regular,0,3121.0,0,0.043,1
31,4761.0,3,Formal,6323.0,36,Regular,1,6539.0,1,0.037,1
64,1833.0,6,Informal,3761.0,36,Bueno,1,1111.0,1,0.057,0
34,2578.0,8,Independiente,7734.0,60,Bueno,3,3557.0,0,0.05,0
28,4763.0,25,Formal,4666.0,36,Malo,4,6456.0,0,0.027,0
48,5990.0,8,Informal,2531.0,60,Regular,0,4697.0,0,0.007,1
64,6003.0,10,Informal,3449.0,48,Bueno,2,473.0,1,0.012,1
65,4417.0,25,Independiente,6392.0,24,Regular,2,2117.0,0,0.06,0
25,5697.0,4,Independiente,9795.0,24,Regular,0,9077.0,0,0.072,1
36,6421.0,19,Formal,11227.0,24,Bueno,2,6788.0,1,0.073,0
28,3652.0,16,Independiente,2971.0,48,Bueno,0,2663.0,1,0.017,0
36,6170.0,29,Independiente,9263.0,24,Bueno,1,10522.0,1,0.063,0
47,2264.0,14,Independiente,17192.0,36,Malo,4,1493.0,0,0.211,1
34,2552.0,15,Formal,11537.0,36,Bueno,1,1507.0,1,0.126,0
24,3733.0,25,Independiente,7568.0,48,Regular,4,5177.0,0,0.042,1
45,2160.0,29,Informal,7917.0,48,Bueno,0,1381.0,1,0.076,0
23,5238.0,21,Informal,7447.0,12,Malo,2,4207.0,0,0.118,1
32,3453.0,20,Formal,5230.0,24,Malo,5,4490.0,0,0.063,1
21,4036.0,26,Formal,11844.0,36,Malo,3,3125.0,0,0.082,1
25,1208.0,29,Formal,3956.0,48,Malo,4,701.0,1,0.068,0
42,4092.0,22,Independiente,7791.0,48,Bueno,1,113.0,0,0.04,1
62,3698.0,8,Formal,2503.0,36,Bueno,1,5728.0,1,0.019,0
58,3157.0,19,Informal,12437.0,48,Bueno,2,2993.0,0,0.082,1
25,5143.0,7,Independiente,7617.0,36,Regular,1,7881.0,1,0.041,0
22,3426.0,15,Formal,2840.0,12,Bueno,4,3810.0,0,0.069,0
37,4072.0,13,Independiente,14727.0,48,Bueno,2,1471.0,1,0.075,0
52,4845.0,29,Formal,6668.0,36,Bueno,4,3167.0,0,0.038,0
57,6400.0,16,Formal,3234.0,48,Regular,0,4807.0,0,0.011,1
61,6207.0,28,Formal,18036.0,24,Bueno,2,8265.0,1,0.121,0
37,3538.0,24,Independiente,6055.0,36,Bueno,1,3491.0,0,0.048,1
29,3096.0,25,Informal,4386.0,24,Regular,4,3547.0,0,0.059,1
22,6898.0,5,Formal,8005.0,36,Bueno,1,9351.0,0,0.032,0
28,3419.0,23,Independiente,3464.0,12,Malo,2,1685.0,0,0.084,1
24,5066.0,7,Formal,5230.0,48,Regular,2,8043.0,1,0.022,1
63,2118.0,17,Formal,13791.0,24,Regular,4,1728.0,1,0.271,1
34,1816.0,14,Independiente,18658.0,24,Bueno,2,2161.0,0,0.428,0
61,4340.0,7,Informal,6140.0,24,Bueno,4,1705.0,1,0.059,0
48,3868.0,29,Informal,8963.0,36,Regular,0,1625.0,0,0.064,0
47,5551.0,26,Independiente,14130.0,36,Bueno,4,7344.0,1,0.071,0
43,3170.0,17,Formal,6031.0,36,Regular,3,1999.0,0,0.053,0
61,4709.0,0,Formal,4277.0,36,Malo,0,7425.0,0,0.025,1
23,5439.0,5,Formal,9896.0,36,Bueno,0,6508.0,0,0.051,0
25,3217.0,6,Informal,3157.0,36,Regular,1,3853.0,0,0.027,1
41,3731.0,29,Independiente,4002.0,12,Bueno,5,2554.0,1,0.089,0
40,2733.0,12,Formal,2793.0,36,Bueno,1,4441.0,0,0.028,1
47,5626.0,1,Formal,13577.0,48,Bueno,2,9566.0,1,0.05,0
57,5168.0,17,Formal,7296.0,36,Regular,2,2399.0,1,0.039,0
49,5313.0,28,Independiente,10102.0,60,Malo,1,4921.0,1,0.032,1
33,3863.0,16,Formal,4160.0,24,Bueno,2,6306.0,0,0.045,0
37,5135.0,13,Informal,8768.0,48,Regular,1,936.0,0,0.036,0
57,1411.0,5,Formal,8937.0,48,Bueno,4,756.0,1,0.132,0
30,3990.0,26,Informal,17985.0,36,Bueno,0,6855.0,0,0.125,0
45,7351.0,3,Formal,9629.0,36,Regular,3,6417.0,1,0.036,1
47,4211.0,28,Formal,11212.0,12,Regular,1,7212.0,0,0.222,0
57,6070.0,6,Formal,7622.0,48,Regular,3,4154.0,1,0.026,1
56,3871.0,4,Formal,1279.0,36,Malo,3,3676.0,0,0.009,1
43,6744.0,10,Informal,8338.0,36,Bueno,3,5513.0,1,0.034,0
36,3093.0,0,Informal,6366.0,12,Bueno,3,2545.0,0,0.172,0
39,4930.0,0,Formal,6190.0,24,Bueno,1,8144.0,0,0.052,0
41,3317.0,5,Independiente,5368.0,60,Regular,3,4147.0,0,0.027,0
31,4633.0,20,Independiente,6190.0,24,Bueno,1,7887.0,1,0.056,0
51,3425.0,24,Independiente,4791.0,24,Bueno,2,2032.0,0,0.058,0
31,4205.0,7,Formal,10632.0,24,Regular,1,7523.0,0,0.105,0
52,3608.0,19,Formal,3791.0,36,Bueno,3,4596.0,1,0.029,0
57,5366.0,10,Formal,16692.0,48,Regular,4,1268.0,0,0.065,0
68,5006.0,12,Informal,10140.0,60,Malo,3,3721.0,0,0.034,1
26,3274.0,10,Formal,12189.0,36,Bueno,0,1465.0,1,0.103,0
58,3240.0,26,Independiente,3957.0,24,Bueno,0,1373.0,0,0.051,0
25,2996.0,15,Informal,5152.0,12,Malo,1,5013.0,0,0.143,0
37,2782.0,15,Formal,7454.0,24,Regular,3,4807.0,0,0.112,1
29,5502.0,25,Formal,7053.0,36,Bueno,1,140.0,0,0.036,1
28,2934.0,19,Formal,10154.0,60,Regular,5,729.0,1,0.058,0
29,4777.0,4,Independiente,7069.0,12,Bueno,3,2389.0,1,0.123,0
23,3494.0,5,Formal,17183.0,24,Regular,5,5332.0,1,0.205,0
61,6003.0,10,Formal,4007.0,36,Regular,5,6603.0,0,0.019,0
23,8042.0,2,Formal,3529.0,36,Bueno,0,8185.0,1,0.012,0
40,1282.0,20,Independiente,5008.0,36,Regular,5,1381.0,0,0.109,1
55,3079.0,14,Independiente,6197.0,36,Bueno,0,5268.0,0,0.056,1
69,3473.0,1,Formal,12776.0,24,Malo,0,1724.0,1,0.153,0
62,3912.0,12,Independiente,8636.0,36,Regular,3,868.0,0,0.061,1
27,3823.0,24,Formal,1430.0,24,Malo,3,4183.0,0,0.016,0
69,2539.0,27,Formal,1519.0,48,Bueno,3,4428.0,0,0.012,1
53,8107.0,28,Formal,6528.0,24,Bueno,0,10361.0,0,0.034,0
29,3875.0,27,Independiente,5489.0,36,Bueno,0,6223.0,1,0.039,0
42,4998.0,18,Independiente,6638.0,60,Bueno,4,8062.0,0,0.022,0
65,5056.0,27,Formal,6199.0,36,Bueno,3,1995.0,0,0.034,0
40,2330.0,28,Formal,15815.0,24,Regular,2,2875.0,0,0.283,0
29,3684.0,19,Formal,11731.0,60,Bueno,1,5718.0,0,0.053,1
63,5502.0,12,Formal,5163.0,24,Malo,1,1004.0,1,0.039,0
67,6911.0,28,Formal,6995.0,48,Bueno,1,8104.0,0,0.021,1
68,3712.0,12,Formal,5911.0,12,Bueno,2,1817.0,1,0.133,0
67,2487.0,4,Formal,1905.0,48,Regular,4,3678.0,1,0.016,0
63,3365.0,3,Formal,5304.0,24,Bueno,2,1352.0,1,0.066,0
43,3654.0,17,Formal,5347.0,24,Regular,2,2456.0,0,0.061,0
30,3603.0,1,Formal,4679.0,60,Regular,5,4389.0,0,0.022,0
51,2997.0,3,Independiente,5213.0,36,Regular,0,2998.0,0,0.048,1
31,2390.0,7,Formal,5978.0,24,Regular,0,516.0,0,0.104,0
44,2724.0,15,Independiente,9027.0,12,Regular,5,1105.0,0,0.276,0
53,3376.0,14,Formal,4900.0,12,Malo,5,5383.0,0,0.121,1
67,5468.0,15,Formal,13822.0,24,Bueno,2,9732.0,0,0.105,0
35,6250.0,15,Formal,3979.0,36,Bueno,1,7807.0,1,0.018,0
33,4376.0,29,Formal,12546.0,36,Regular,0,77.0,0,0.08,0
57,2752.0,6,Independiente,8243.0,60,Bueno,0,3683.0,0,0.05,1
21,3447.0,14,Formal,3347.0,48,Bueno,5,3988.0,1,0.02,0
48,1846.0,18,Formal,5890.0,60,Regular,4,1368.0,1,0.053,0
57,6962.0,8,Formal,16145.0,36,Bueno,5,2858.0,1,0.064,0
47,3250.0,5,Formal,4025.0,36,Bueno,3,969.0,1,0.034,0
39,4842.0,1,Informal,16395.0,36,Regular,3,728.0,0,0.094,1
61,6082.0,9,Informal,9168.0,24,Bueno,5,6998.0,0,0.063,1
39,7706.0,7,Formal,8321.0,24,Bueno,2,4678.0,0,0.045,0
55,5694.0,5,Formal,8876.0,48,Regular,3,5309.0,0,0.032,1
43,3594.0,8,Formal,5805.0,36,Regular,1,3398.0,0,0.045,1
22,5084.0,20,Formal,4129.0,24,Regular,3,5558.0,0,0.034,1
46,7593.0,24,Formal,7174.0,36,Bueno,1,8126.0,0,0.026,0
23,3239.0,15,Formal,8490.0,24,Bueno,1,3026.0,1,0.109,1
66,2346.0,1,Formal,9402.0,36,Regular,2,655.0,0,0.111,0
50,3006.0,22,Formal,9199.0,24,Bueno,5,146.0,1,0.128,0
39,4957.0,4,Formal,10512.0,48,Malo,1,5141.0,0,0.044,0
44,3629.0,1,Independiente,19849.0,36,Regular,3,2765.0,1,0.152,1
51,4059.0,17,Informal,8093.0,36,Bueno,3,2996.0,0,0.055,0
33,5269.0,12,Formal,13429.0,48,Regular,3,4079.0,0,0.053,1
35,2981.0,9,Independiente,9592.0,60,Malo,0,609.0,0,0.054,1
41,3985.0,29,Formal,21012.0,48,Malo,4,1286.0,1,0.11,0
33,3425.0,2,Formal,7452.0,36,Regular,4,4082.0,0,0.06,0
58,7473.0,1,Independiente,7000.0,24,Bueno,0,6911.0,0,0.039,0
26,5627.0,17,Formal,12970.0,36,Regular,2,6175.0,0,0.064,0
61,3638.0,12,Informal,12979.0,48,Regular,5,847.0,0,0.074,1
38,3563.0,24,Informal,6081.0,60,Regular,1,5221.0,1,0.028,1
48,7806.0,1,Formal,9401.0,36,Bueno,3,5236.0,0,0.033,0
28,7553.0,12,Formal,10571.0,36,Malo,4,8335.0,1,0.039,1
39,4945.0,4,Formal,10247.0,24,Bueno,4,4145.0,1,0.086,0
57,4130.0,1,Informal,8883.0,12,Bueno,2,3482.0,1,0.179,0
34,2556.0,13,Formal,2391.0,24,Bueno,4,3582.0,1,0.039,0
27,3016.0,22,Independiente,10329.0,12,Bueno,5,599.0,0,0.285,0
46,2484.0,4,Formal,10592.0,36,Bueno,2,334.0,1,0.118,0
28,6175.0,25,Independiente,9081.0,24,Bueno,5,1123.0,1,0.061,0
36,2571.0,15,Formal,5705.0,36,Bueno,4,4606.0,1,0.062,0
43,3546.0,14,Informal,15267.0,36,Bueno,3,5918.0,0,0.12,1
48,1974.0,27,Independiente,4082.0,24,Bueno,4,2489.0,0,0.086,1
52,2260.0,9,Formal,13108.0,36,Bueno,1,1821.0,0,0.161,1
54,5359.0,6,Formal,4051.0,24,Bueno,0,821.0,0,0.031,0
62,4662.0,23,Formal,12235.0,12,Bueno,4,6889.0,0,0.219,0
24,4185.0,3,Independiente,4162.0,60,Bueno,4,1427.0,1,0.017,0
38,3570.0,26,Informal,11847.0,12,Regular,5,1753.0,0,0.277,0
21,2153.0,24,Formal,17127.0,24,Bueno,3,3258.0,0,0.331,1
21,3393.0,29,Informal,17164.0,36,Regular,2,1572.0,0,0.141,1
31,3896.0,13,Formal,15123.0,24,Bueno,5,5923.0,0,0.162,1
50,5222.0,18,Informal,7427.0,24,Bueno,5,7388.0,1,0.059,0
64,6044.0,26,Informal,5163.0,48,Bueno,4,9109.0,1,0.018,0
58,5423.0,3,Independiente,1338.0,36,Bueno,4,6582.0,0,0.007,1
52,4651.0,9,Informal,6773.0,36,Regular,1,2948.0,0,0.04,1
59,4161.0,14,Formal,12571.0,48,Regular,5,4892.0,0,0.063,0
29,4480.0,18,Independiente,10240.0,12,Regular,0,6686.0,0,0.19,1
62,3309.0,20,Formal,22062.0,36,Bueno,4,4464.0,0,0.185,0
64,4295.0,27,Formal,5461.0,24,Bueno,1,6664.0,0,0.053,1
25,3888.0,14,Independiente,17770.0,12,Malo,0,6883.0,1,0.381,1
44,9036.0,5,Informal,7077.0,60,Bueno,4,11225.0,0,0.013,1
61,4522.0,5,Informal,4042.0,48,Bueno,2,7555.0,0,0.019,1
44,1791.0,24,Independiente,8718.0,24,Bueno,5,876.0,0,0.203,0
62,3499.0,13,Informal,10097.0,36,Malo,1,6131.0,1,0.08,0
66,3729.0,18,Independiente,14363.0,24,Malo,4,6110.0,0,0.16,1
44,5699.0,16,Independiente,5448.0,36,Bueno,3,423.0,1,0.027,0
23,4737.0,24,Formal,8716.0,24,Bueno,4,5035.0,0,0.077,0
37,4648.0,6,Formal,7501.0,60,Regular,5,4208.0,0,0.027,0
31,6665.0,5,Formal,6069.0,24,Bueno,3,9785.0,0,0.038,0
44,7567.0,22,Independiente,16779.0,24,Bueno,2,1721.0,1,0.092,1
49,5356.0,13,Independiente,10177.0,60,Bueno,3,5087.0,0,0.032,0
43,3599.0,24,Informal,1788.0,48,Bueno,3,3247.0,0,0.01,0
30,3640.0,3,Informal,8796.0,24,Bueno,5,2592.0,0,0.101,0
35,1086.0,8,Independiente,2734.0,36,Regular,1,1940.0,0,0.07,1
54,6334.0,28,Independiente,8314.0,48,Regular,0,6151.0,1,0.027,0
22,3635.0,25,Independiente,3027.0,36,Regular,2,2704.0,0,0.023,0
31,4056.0,1,Independiente,10203.0,36,Bueno,2,6252.0,1,0.07,0
64,3472.0,24,Formal,2709.0,36,Bueno,5,869.0,0,0.022,0
25,2735.0,1,Informal,4178.0,60,Malo,1,1416.0,0,0.025,0
41,8749.0,3,Informal,11484.0,36,Bueno,0,4392.0,1,0.036,0
31,4067.0,26,Independiente,7428.0,24,Bueno,0,6835.0,1,0.076,1
26,7032.0,3,Formal,3199.0,36,Bueno,5,11143.0,0,0.013,1
41,3654.0,9,Formal,16202.0,48,Bueno,3,3990.0,0,0.092,0
46,3249.0,4,Informal,5862.0,36,Bueno,5,1869.0,1,0.05,0
29,5185.0,17,Informal,6435.0,24,Bueno,1,4369.0,0,0.052,0
24,6034.0,1,Informal,6771.0,36,Regular,0,6203.0,0,0.031,0
27,6183.0,8,Independiente,10667.0,36,Bueno,2,6011.0,1,0.048,1
52,3877.0,9,Independiente,6125.0,60,Regular,1,1786.0,1,0.026,0
63,5388.0,19,Formal,6925.0,24,Regular,0,1266.0,1,0.054,1
29,3381.0,14,Independiente,13603.0,48,Bueno,5,5524.0,0,0.084,1
36,4274.0,5,Formal,12688.0,36,Regular,2,4930.0,1,0.082,0
37,3738.0,13,Informal,6685.0,12,Malo,0,976.0,0,0.149,1
38,3528.0,13,Formal,6817.0,36,Bueno,1,6286.0,0,0.054,0
32,4340.0,10,Informal,1399.0,12,Regular,2,3213.0,0,0.027,1
23,2708.0,16,Formal,8231.0,48,Regular,5,3573.0,0,0.063,0
46,5846.0,9,Formal,11722.0,48,Regular,3,1860.0,1,0.042,0
38,3534.0,10,Independiente,5939.0,12,Bueno,3,5934.0,0,0.14,1
37,5740.0,23,Independiente,14892.0,36,Bueno,3,818.0,1,0.072,0
33,2918.0,7,Independiente,2523.0,60,Bueno,4,5020.0,1,0.014,0
66,3529.0,9,Independiente,4352.0,24,Bueno,1,4619.0,0,0.051,1
50,2704.0,4,Independiente,14252.0,60,Bueno,2,1106.0,1,0.088,0
41,2667.0,20,Formal,11468.0,24,Malo,2,868.0,0,0.179,1
31,3061.0,21,Informal,2428.0,12,Bueno,0,4612.0,0,0.066,1
60,2935.0,20,Informal,2727.0,36,Bueno,3,211.0,0,0.026,0
64,2713.0,5,Independiente,10291.0,24,Bueno,4,558.0,0,0.158,0
22,4166.0,13,Formal,9139.0,48,Bueno,3,5046.0,0,0.046,1
66,5147.0,8,Independiente,6374.0,36,Regular,0,717.0,1,0.034,1
55,5248.0,22,Formal,14613.0,36,Regular,2,5113.0,0,0.077,0
25,2093.0,10,Informal,5005.0,36,Bueno,2,2163.0,1,0.066,0
57,3729.0,12,Formal,1849.0,36,Bueno,0,120.0,1,0.014,0
26,3592.0,13,Formal,10665.0,48,Bueno,3,2439.0,1,0.062,1
23,6711.0,22,Formal,11985.0,36,Malo,3,345.0,1,0.05,0
26,3782.0,21,Independiente,5178.0,48,Bueno,4,6582.0,1,0.029,0
43,4037.0,24,Independiente,3644.0,36,Bueno,4,1565.0,0,0.025,1
51,2366.0,12,Independiente,1907.0,24,Bueno,5,2937.0,0,0.034,0
40,3032.0,24,Formal,7347.0,36,Bueno,2,3677.0,0,0.067,0
26,2313.0,26,Informal,8887.0,36,Bueno,1,3215.0,0,0.107,0
30,4265.0,15,Formal,12466.0,24,Malo,3,2574.0,0,0.122,1
62,6793.0,20,Formal,9191.0,36,Bueno,3,2255.0,0,0.038,0
68,3071.0,27,Independiente,5419.0,24,Bueno,1,2933.0,0,0.074,0
57,3793.0,25,Independiente,8232.0,12,Bueno,2,4741.0,1,0.181,0
26,2942.0,8,Independiente,12811.0,48,Bueno,5,4000.0,1,0.091,0
61,3282.0,21,Formal,8822.0,48,Malo,4,289.0,0,0.056,1
54,4298.0,13,Independiente,11806.0,24,Regular,3,5823.0,1,0.114,1
46,8013.0,4,Formal,3752.0,60,Malo,5,1622.0,0,0.008,1
28,6663.0,11,Formal,10440.0,60,Malo,0,6292.0,0,0.026,1
69,7413.0,29,Formal,9200.0,48,Regular,3,7411.0,0,0.026,0
42,5760.0,28,Independiente,6089.0,12,Regular,1,1317.0,1,0.088,1
23,3775.0,23,Formal,12941.0,24,Bueno,1,6550.0,0,0.143,0
31,3585.0,29,Formal,19712.0,36,Regular,4,4117.0,1,0.153,0
40,3077.0,17,Formal,2941.0,48,Regular,4,1240.0,0,0.02,0
24,1509.0,22,Formal,2378.0,36,Regular,2,138.0,0,0.044,0
36,3753.0,4,Formal,6264.0,36,Bueno,3,5236.0,0,0.046,0
43,6831.0,8,Independiente,7051.0,48,Regular,3,10345.0,0,0.022,0
67,6801.0,5,Formal,7352.0,60,Bueno,5,1109.0,1,0.018,0
25,9177.0,28,Formal,5076.0,36,Regular,0,4252.0,0,0.015,1
49,4417.0,18,Independiente,2665.0,60,Bueno,3,5107.0,0,0.01,0
65,2555.0,27,Formal,6452.0,48,Bueno,0,1927.0,0,0.053,1
60,5020.0,12,Independiente,7082.0,24,Bueno,5,3095.0,0,0.059,1
66,8048.0,12,Independiente,6136.0,48,Regular,1,6149.0,0,0.016,1
29,7177.0,20,Independiente,7176.0,12,Regular,0,6528.0,0,0.083,1
60,3434.0,17,Independiente,8341.0,24,Bueno,4,1141.0,0,0.101,0
68,2643.0,11,Formal,6591.0,60,Bueno,4,1846.0,0,0.042,0
36,2616.0,9,Formal,5042.0,36,Bueno,5,329.0,1,0.054,1
45,3150.0,15,Formal,7200.0,36,Bueno,2,34.0,0,0.063,1
47,3326.0,2,Informal,8700.0,60,Bueno,1,5838.0,1,0.044,1
45,3671.0,5,Formal,7562.0,24,Regular,4,362.0,1,0.086,1
35,5269.0,1,Formal,20436.0,24,Regular,5,412.0,0,0.162,1
68,3624.0,4,Independiente,9045.0,12,Bueno,5,5805.0,0,0.208,1
67,4202.0,5,Independiente,7372.0,36,Malo,2,7382.0,0,0.049,0
39,2254.0,2,Informal,4620.0,24,Bueno,3,3426.0,0,0.085,0
60,3079.0,1,Formal,4685.0,12,Regular,4,773.0,0,0.127,1
40,3027.0,24,Informal,6144.0,48,Bueno,4,3485.0,0,0.042,1
59,2116.0,5,Independiente,6253.0,24,Regular,3,2654.0,0,0.123,0
49,3590.0,16,Independiente,6118.0,36,Bueno,0,4986.0,1,0.047,0
44,2260.0,2,Formal,9262.0,12,Bueno,3,459.0,0,0.342,0
27,3497.0,28,Formal,12713.0,36,Bueno,1,2460.0,1,0.101,0
53,4323.0,7,Formal,10685.0,36,Regular,2,2148.0,0,0.069,1
36,6876.0,22,Independiente,10013.0,36,Malo,3,8101.0,0,0.04,1
31,2970.0,19,Formal,4324.0,24,Regular,0,1837.0,1,0.061,1
30,4279.0,23,Formal,13744.0,24,Regular,2,3919.0,0,0.134,0
69,3230.0,18,Formal,4562.0,12,Bueno,1,3642.0,1,0.118,0
26,2215.0,15,Informal,8582.0,12,Regular,0,3452.0,1,0.323,1
60,6907.0,23,Formal,9681.0,36,Regular,3,11449.0,1,0.039,0
63,4397.0,24,Formal,13963.0,12,Bueno,4,5488.0,0,0.265,0
22,4924.0,11,Independiente,18424.0,24,Bueno,5,1386.0,1,0.156,0
49,7343.0,28,Informal,5998.0,24,Bueno,4,11749.0,0,0.034,0
49,3491.0,29,Independiente,8190.0,48,Bueno,1,1285.0,0,0.049,0
38,2507.0,21,Independiente,13276.0,36,Bueno,0,240.0,0,0.147,0
53,2955.0,27,Formal,19288.0,36,Regular,4,2326.0,0,0.181,0
41,2423.0,3,Formal,6370.0,36,Regular,0,2986.0,0,0.073,0
42,6165.0,16,Formal,4453.0,24,Bueno,2,1657.0,0,0.03,1
42,8172.0,19,Formal,3195.0,24,Malo,2,4404.0,0,0.016,1
60,4306.0,27,Formal,2449.0,24,Regular,1,621.0,0,0.024,0
52,5325.0,3,Independiente,4897.0,36,Regular,3,5926.0,1,0.026,0
39,5852.0,24,Formal,11874.0,24,Malo,4,7460.0,1,0.085,1
66,7535.0,2,Independiente,12252.0,12,Malo,5,7049.0,0,0.136,1
60,8036.0,10,Formal,9044.0,60,Bueno,2,6429.0,1,0.019,0
66,1936.0,20,Informal,6210.0,48,Malo,2,2954.0,1,0.067,0
56,3264.0,8,Informal,9277.0,12,Bueno,1,2463.0,1,0.237,0
40,4125.0,25,Formal,7628.0,60,Bueno,0,3280.0,1,0.031,0
58,3117.0,27,Formal,6378.0,24,Bueno,5,3239.0,0,0.085,0
37,3705.0,4,Informal,8816.0,12,Regular,5,4694.0,1,0.198,0
34,4805.0,7,Informal,6057.0,24,Malo,5,6721.0,0,0.053,1
43,1647.0,2,Formal,8792.0,60,Bueno,0,121.0,1,0.089,0
68,4756.0,21,Formal,9563.0,24,Regular,2,7287.0,0,0.084,0
48,5780.0,26,Informal,10853.0,48,Bueno,3,4696.0,0,0.039,1
39,4159.0,18,Independiente,2730.0,36,Regular,5,6782.0,0,0.018,1
43,1563.0,3,Independiente,13846.0,36,Bueno,2,1509.0,0,0.246,0
35,3590.0,5,Formal,7079.0,24,Regular,0,3075.0,0,0.082,1
53,4629.0,1,Informal,18536.0,12,Regular,5,1628.0,1,0.334,1
38,5937.0,14,Independiente,11917.0,48,Bueno,0,5018.0,0,0.042,0
48,5611.0,21,Formal,4530.0,24,Malo,4,4978.0,0,0.034,0
39,3950.0,4,Independiente,10102.0,36,Malo,2,6360.0,0,0.071,0
36,3185.0,25,Formal,13302.0,12,Bueno,0,5086.0,1,0.348,0
68,4019.0,7,Formal,6557.0,48,Regular,3,3519.0,0,0.034,1
37,2043.0,15,Independiente,4333.0,36,Regular,2,3190.0,0,0.059,1
24,3300.0,20,Independiente,3918.0,36,Bueno,2,5075.0,0,0.033,0
39,6354.0,16,Informal,3138.0,36,Bueno,1,10847.0,0,0.014,1
47,4014.0,14,Independiente,1975.0,24,Regular,4,2613.0,0,0.021,0
25,4703.0,10,Formal,7157.0,24,Regular,1,1797.0,1,0.063,1
35,2385.0,12,Formal,4038.0,12,Regular,0,4052.0,1,0.141,0
29,5921.0,7,Independiente,5182.0,36,Regular,2,6233.0,0,0.024,0
45,3875.0,8,Formal,18776.0,12,Regular,1,3255.0,0,0.404,1
56,4643.0,22,Independiente,9587.0,12,Bueno,3,3439.0,0,0.172,0
68,5022.0,26,Formal,4450.0,12,Bueno,3,766.0,1,0.074,1
40,5838.0,25,Formal,23504.0,24,Bueno,4,2145.0,1,0.168,1
63,4379.0,9,Formal,8754.0,36,Bueno,5,2298.0,0,0.056,0
31,3909.0,9,Formal,1059.0,36,Regular,0,3879.0,1,0.008,0
59,2581.0,1,Formal,22374.0,36,Regular,0,2401.0,0,0.241,1
48,2305.0,8,Independiente,16360.0,36,Bueno,2,2252.0,1,0.197,0
58,4346.0,17,Formal,8922.0,36,Regular,0,598.0,0,0.057,0
58,4654.0,8,Informal,7124.0,36,Bueno,5,82.0,1,0.043,0
47,4942.0,22,Independiente,11786.0,48,Bueno,4,4120.0,0,0.05,1
33,2977.0,1,Independiente,8504.0,48,Malo,2,1037.0,1,0.06,1
46,3312.0,12,Informal,5773.0,48,Bueno,5,5316.0,0,0.036,0
61,4317.0,8,Informal,5570.0,48,Regular,3,3348.0,1,0.027,1
68,3466.0,14,Informal,12818.0,48,Bueno,3,2196.0,0,0.077,1
66,9486.0,0,Formal,4444.0,36,Bueno,4,9289.0,0,0.013,1
29,3286.0,12,Formal,12720.0,36,Regular,3,3718.0,1,0.108,1
50,4774.0,23,Independiente,7743.0,48,Regular,4,704.0,1,0.034,1
26,5547.0,25,Independiente,2798.0,24,Regular,1,7402.0,0,0.021,1
53,5677.0,7,Independiente,13276.0,24,Malo,3,1406.0,0,0.097,1
69,3444.0,12,Independiente,4513.0,60,Regular,4,2397.0,1,0.022,0
23,5031.0,20,Formal,4875.0,36,Regular,5,3232.0,1,0.027,1
53,4798.0,13,Formal,6731.0,12,Bueno,1,4916.0,0,0.117,1
67,5113.0,16,Independiente,7353.0,36,Bueno,0,6345.0,0,0.04,0
62,4296.0,10,Independiente,8955.0,24,Regular,3,6193.0,0,0.087,1
40,5562.0,25,Informal,12902.0,24,Regular,0,5278.0,0,0.097,1
26,4486.0,18,Independiente,12669.0,36,Bueno,4,1255.0,1,0.078,0
66,2467.0,28,Formal,5472.0,36,Bueno,2,3090.0,1,0.062,0
66,4436.0,23,Formal,5575.0,36,Bueno,4,3823.0,1,0.035,0
49,4631.0,11,Formal,12153.0,12,Bueno,0,4909.0,0,0.219,0
68,5415.0,9,Formal,4055.0,36,Bueno,0,4325.0,1,0.021,0
21,4348.0,2,Independiente,7740.0,12,Regular,1,3258.0,0,0.148,1
51,7607.0,18,Independiente,15705.0,36,Regular,0,9603.0,1,0.057,0
22,3960.0,22,Informal,5948.0,36,Malo,0,3736.0,1,0.042,1
66,3378.0,10,Independiente,3107.0,12,Regular,4,5277.0,0,0.077,1
54,6671.0,0,Formal,4514.0,60,Bueno,4,8927.0,0,0.011,0
65,3919.0,24,Independiente,4685.0,36,Regular,3,3360.0,0,0.033,0
48,4199.0,6,Formal,4295.0,24,Regular,2,1619.0,1,0.043,0
25,4632.0,17,Formal,6551.0,24,Regular,1,147.0,0,0.059,0
22,4488.0,1,Formal,22132.0,12,Bueno,5,1659.0,0,0.411,0
37,5097.0,1,Formal,9954.0,12,Regular,5,2581.0,0,0.163,1
57,5295.0,26,Formal,6913.0,60,Bueno,1,1126.0,1,0.022,1
28,3267.0,20,Independiente,7252.0,36,Bueno,5,3935.0,0,0.062,0
62,2661.0,0,Independiente,5047.0,48,Bueno,3,1562.0,0,0.04,1
32,2778.0,3,Formal,7236.0,36,Bueno,2,151.0,0,0.072,1
45,6387.0,14,Independiente,15329.0,60,Malo,1,5023.0,1,0.04,1
30,3800.0,20,Formal,7887.0,48,Bueno,3,5365.0,0,0.043,0
43,5528.0,12,Independiente,12626.0,12,Bueno,0,3381.0,0,0.19,0
43,5349.0,26,Independiente,11720.0,24,Regular,1,8688.0,0,0.091,0
21,4198.0,19,Formal,21573.0,24,Malo,4,6444.0,0,0.214,1
48,2961.0,18,Independiente,11604.0,24,Bueno,2,4740.0,0,0.163,1
59,5398.0,8,Formal,20757.0,36,Bueno,0,6489.0,0,0.107,0
66,4145.0,20,Formal,13144.0,24,Bueno,0,6018.0,1,0.132,0
37,2599.0,26,Formal,8957.0,48,Regular,4,1820.0,0,0.072,1
64,3477.0,1,Formal,4798.0,12,Regular,5,4339.0,1,0.115,1
64,2236.0,22,Formal,12585.0,48,Bueno,4,901.0,1,0.117,0
69,3538.0,26,Formal,13172.0,24,Malo,0,1304.0,0,0.155,1
39,4279.0,12,Formal,13365.0,12,Regular,4,7268.0,1,0.26,0
62,3983.0,22,Formal,1318.0,48,Regular,1,3935.0,1,0.007,0
48,3808.0,10,Independiente,5860.0,36,Bueno,3,491.0,0,0.043,0
23,4263.0,5,Independiente,9883.0,48,Malo,3,1514.0,0,0.048,1
34,4983.0,24,Informal,6116.0,48,Bueno,5,4138.0,0,0.026,1
53,5695.0,9,Independiente,5551.0,12,Bueno,4,8671.0,1,0.081,0
28,5984.0,22,Informal,5035.0,24,Bueno,0,9650.0,0,0.035,0
42,3131.0,9,Independiente,2851.0,12,Bueno,0,639.0,1,0.076,0
58,6208.0,11,Independiente,9593.0,12,Bueno,5,693.0,1,0.129,0
28,4148.0,20,Independiente,5331.0,60,Bueno,1,909.0,1,0.021,1
45,3653.0,10,Informal,5954.0,48,Bueno,0,4415.0,0,0.034,0
31,2809.0,24,Independiente,6913.0,24,Bueno,1,2694.0,0,0.103,1
47,1518.0,1,Informal,10459.0,36,Regular,2,2016.0,1,0.191,1
32,4854.0,0,Formal,8824.0,60,Regular,5,5184.0,0,0.03,1
68,4784.0,2,Informal,8597.0,24,Regular,5,826.0,0,0.075,1
24,3361.0,7,Formal,1788.0,12,Bueno,3,1559.0,1,0.044,0
68,3397.0,1,Formal,12760.0,48,Bueno,1,2027.0,0,0.078,0
59,3929.0,11,Formal,17918.0,48,Regular,4,5005.0,0,0.095,0
62,3630.0,0,Independiente,8466.0,24,Regular,5,3900.0,0,0.097,1
62,3079.0,22,Formal,3969.0,36,Bueno,2,5247.0,0,0.036,0
30,2696.0,4,Formal,5635.0,24,Malo,3,706.0,0,0.087,1
66,6234.0,29,Formal,4076.0,36,Regular,2,10533.0,1,0.018,0
50,3471.0,25,Independiente,16769.0,36,Malo,5,1375.0,0,0.134,0
68,4774.0,20,Formal,5935.0,24,Regular,3,2951.0,1,0.052,0
64,5121.0,23,Independiente,8684.0,48,Bueno,0,319.0,1,0.035,0
49,4862.0,23,Independiente,6754.0,36,Malo,5,2595.0,0,0.039,1
39,5224.0,25,Independiente,10194.0,48,Malo,3,1878.0,1,0.041,0
26,4842.0,16,Independiente,4613.0,36,Regular,2,1893.0,0,0.026,1
25,3244.0,18,Formal,8495.0,36,Malo,1,3341.0,0,0.073,1
40,3705.0,14,Informal,5968.0,24,Malo,4,5207.0,1,0.067,1
60,6170.0,18,Informal,13689.0,24,Regular,0,8273.0,0,0.092,0
45,3434.0,11,Formal,1900.0,48,Bueno,1,5125.0,1,0.012,0
44,4150.0,3,Formal,6349.0,36,Bueno,4,5463.0,0,0.042,1
32,4991.0,27,Independiente,12977.0,24,Regular,1,8773.0,1,0.108,0
48,7017.0,20,Informal,12156.0,60,Regular,4,233.0,1,0.029,0
52,5961.0,21,Informal,2980.0,48,Bueno,1,10600.0,0,0.01,0
69,2917.0,8,Informal,11433.0,12,Bueno,4,2152.0,0,0.327,0
56,4718.0,23,Informal,4363.0,24,Malo,4,4058.0,1,0.039,1
50,4518.0,15,Independiente,5141.0,36,Bueno,4,4695.0,1,0.032,0
65,3717.0,2,Formal,12589.0,12,Bueno,4,57.0,0,0.282,0
41,4195.0,28,Formal,6274.0,60,Regular,4,1372.0,1,0.025,0
66,3232.0,29,Formal,2858.0,36,Bueno,2,2594.0,0,0.025,0
39,3903.0,26,Formal,3736.0,12,Bueno,2,5406.0,1,0.08,0
27,3445.0,14,Formal,7792.0,36,Regular,0,5395.0,1,0.063,0
41,4311.0,6,Formal,6156.0,24,Malo,2,1146.0,1,0.059,0
27,3667.0,0,Independiente,6091.0,36,Bueno,2,1736.0,1,0.046,1
26,7223.0,22,Formal,10096.0,24,Bueno,4,7897.0,0,0.058,0
64,4364.0,26,Informal,9106.0,48,Bueno,5,2836.0,0,0.043,1
59,4059.0,3,Informal,6410.0,48,Regular,3,2177.0,1,0.033,0
31,3827.0,20,Formal,12269.0,60,Bueno,0,2641.0,1,0.053,0
62,3671.0,0,Formal,10143.0,24,Bueno,1,4636.0,1,0.115,0
24,2599.0,23,Formal,8806.0,24,Regular,3,929.0,0,0.141,0
34,5523.0,0,Informal,5608.0,48,Malo,2,615.0,0,0.021,1
55,6675.0,29,Independiente,13333.0,24,Bueno,5,42.0,1,0.083,0
35,3426.0,5,Formal,6050.0,24,Regular,1,3248.0,0,0.074,1
56,6158.0,12,Independiente,6368.0,60,Regular,3,2771.0,0,0.017,1
63,9447.0,20,Informal,16976.0,48,Bueno,4,9550.0,0,0.037,1
24,8057.0,25,Formal,4503.0,48,Regular,2,12777.0,0,0.012,0
22,6561.0,10,Independiente,4467.0,36,Bueno,1,3468.0,1,0.019,0
67,2716.0,29,Formal,6509.0,36,Bueno,0,897.0,1,0.067,0
46,2705.0,0,Formal,3948.0,36,Bueno,3,8.0,0,0.041,0
45,5215.0,14,Informal,4010.0,36,Bueno,3,9212.0,1,0.021,0
43,4165.0,29,Formal,16707.0,12,Regular,4,3875.0,1,0.334,0
42,1892.0,8,Informal,6450.0,48,Regular,5,2732.0,0,0.071,1
54,3569.0,16,Independiente,8968.0,24,Regular,5,5513.0,0,0.105,1
49,5130.0,13,Formal,3151.0,36,Regular,1,9190.0,0,0.017,0
29,3923.0,11,Independiente,4279.0,48,Bueno,2,6070.0,0,0.023,0
51,4172.0,23,Formal,17972.0,48,Malo,1,2208.0,1,0.09,1
53,2704.0,15,Formal,3971.0,24,Malo,5,2747.0,0,0.061,1
26,3552.0,21,Formal,9124.0,36,Bueno,0,6155.0,0,0.071,0
39,5223.0,15,Informal,1257.0,36,Regular,3,5955.0,1,0.007,0
59,3490.0,29,Informal,3010.0,24,Regular,1,4831.0,1,0.036,1
51,6345.0,14,Formal,6391.0,12,Bueno,0,10355.0,0,0.084,0
27,4207.0,23,Formal,12064.0,36,Bueno,3,4647.0,1,0.08,0
22,4847.0,18,Informal,7550.0,48,Bueno,2,6041.0,0,0.032,0
49,5179.0,24,Independiente,6717.0,60,Malo,4,5484.0,1,0.022,1
43,5103.0,26,Formal,10593.0,24,Regular,2,3111.0,0,0.086,1
68,2887.0,6,Formal,8426.0,24,Regular,1,1293.0,0,0.122,1
46,3070.0,9,Formal,2541.0,24,Malo,0,3501.0,0,0.034,1
66,1880.0,9,Formal,7276.0,60,Bueno,1,3320.0,1,0.065,0
31,3700.0,14,Independiente,5677.0,48,Malo,2,6101.0,1,0.032,1
42,2987.0,14,Independiente,6577.0,60,Bueno,1,1128.0,0,0.037,0
27,3452.0,0,Independiente,5583.0,36,Regular,0,5237.0,1,0.045,0
49,3839.0,26,Formal,7330.0,24,Bueno,1,146.0,0,0.08,0
30,4407.0,25,Independiente,9297.0,36,Bueno,5,4676.0,0,0.059,0
45,3945.0,18,Independiente,3386.0,24,Bueno,5,6606.0,0,0.036,0
37,3919.0,9,Independiente,4934.0,24,Bueno,2,6767.0,1,0.052,0
30,4707.0,24,Formal,10405.0,12,Bueno,3,5109.0,1,0.184,0
25,4106.0,8,Formal,11128.0,12,Bueno,1,4662.0,0,0.226,1
46,5674.0,9,Formal,15415.0,24,Regular,2,3982.0,0,0.113,0
67,4111.0,29,Formal,7635.0,60,Malo,3,5355.0,1,0.031,0
30,7033.0,27,Independiente,4771.0,48,Bueno,0,3111.0,0,0.014,0
40,2846.0,17,Independiente,4984.0,48,Bueno,5,174.0,0,0.036,0
32,3677.0,5,Formal,7500.0,24,Regular,5,5529.0,0,0.085,0
60,3253.0,3,Independiente,4270.0,48,Regular,5,353.0,0,0.027,1
41,4469.0,28,Independiente,14839.0,36,Regular,1,5347.0,0,0.092,1
68,2845.0,7,Independiente,5562.0,12,Malo,5,2238.0,1,0.163,1
33,5705.0,20,Independiente,13712.0,24,Bueno,0,444.0,1,0.1,0
24,2394.0,10,Informal,3946.0,12,Bueno,5,689.0,0,0.137,1
49,3038.0,14,Independiente,6592.0,48,Malo,0,551.0,0,0.045,1
52,2454.0,29,Formal,6038.0,48,Regular,2,947.0,0,0.051,1
69,3857.0,17,Informal,3097.0,24,Regular,5,4410.0,0,0.033,1
63,4402.0,12,Formal,6306.0,36,Malo,3,4521.0,1,0.04,0
64,2268.0,12,Independiente,8409.0,24,Bueno,1,1767.0,0,0.154,0
52,3595.0,6,Informal,1817.0,24,Bueno,2,5455.0,1,0.021,0
38,5955.0,16,Formal,9772.0,36,Bueno,1,8072.0,0,0.046,1
42,6595.0,17,Formal,8809.0,48,Regular,5,8104.0,0,0.028,0
27,5375.0,2,Formal,7234.0,48,Malo,2,5794.0,0,0.028,0
42,1630.0,12,Informal,10855.0,12,Bueno,0,2042.0,0,0.555,1
38,4258.0,19,Formal,11265.0,36,Bueno,0,1737.0,1,0.073,0
22,6214.0,1,Independiente,26346.0,12,Regular,3,2906.0,0,0.353,0
31,3465.0,29,Formal,3004.0,12,Bueno,0,1859.0,1,0.072,0
47,2615.0,25,Formal,16036.0,12,Regular,1,3488.0,0,0.511,0
39,6039.0,19,Formal,12396.0,12,Bueno,3,4699.0,1,0.171,0
69,6370.0,0,Informal,8805.0,24,Malo,5,11002.0,0,0.058,1
44,4095.0,15,Formal,3991.0,24,Regular,0,296.0,1,0.041,0
67,2624.0,26,Informal,5791.0,36,Bueno,2,1810.0,1,0.061,0
53,2168.0,0,Independiente,5328.0,24,Regular,2,604.0,0,0.102,0
22,4632.0,23,Informal,6821.0,12,Regular,5,6806.0,0,0.123,1
30,3263.0,25,Formal,10624.0,60,Bueno,4,2817.0,1,0.054,1
55,4003.0,2,Independiente,14397.0,48,Bueno,5,4467.0,0,0.075,0
47,3850.0,6,Formal,18542.0,12,Regular,3,4144.0,0,0.401,0
35,2980.0,21,Formal,5816.0,24,Regular,1,424.0,0,0.081,1
46,2127.0,27,Independiente,8047.0,24,Regular,5,3001.0,0,0.158,1
65,3498.0,23,Formal,4440.0,60,Bueno,4,5175.0,1,0.021,0
40,4319.0,15,Informal,12708.0,24,Regular,3,4722.0,1,0.123,1
23,4392.0,18,Formal,9117.0,12,Regular,2,2221.0,1,0.173,1
36,3189.0,15,Formal,6469.0,48,Bueno,4,4156.0,0,0.042,1
66,6321.0,17,Independiente,2892.0,48,Bueno,2,7972.0,1,0.01,0
58,2716.0,23,Formal,8109.0,24,Bueno,1,4461.0,1,0.124,0
62,1496.0,1,Formal,8585.0,24,Regular,1,316.0,1,0.239,1
65,5779.0,6,Informal,2386.0,36,Bueno,3,9464.0,0,0.011,1
26,4269.0,1,Formal,3418.0,24,Malo,3,6816.0,1,0.033,0
34,3509.0,23,Independiente,7999.0,24,Bueno,1,1879.0,0,0.095,0
23,4851.0,21,Formal,17659.0,48,Regular,2,6254.0,0,0.076,0
21,3767.0,1,Formal,13437.0,48,Bueno,1,1788.0,0,0.074,0
61,2383.0,3,Formal,6573.0,36,Regular,4,1008.0,0,0.077,0
66,2646.0,7,Informal,6024.0,36,Regular,2,3056.0,0,0.063,1
28,3680.0,7,Independiente,4848.0,36,Regular,4,331.0,0,0.037,1
56,3345.0,15,Formal,4562.0,24,Malo,1,581.0,0,0.057,0
47,5730.0,14,Formal,6274.0,48,Bueno,2,6809.0,1,0.023,0
24,3290.0,10,Informal,20549.0,12,Bueno,0,5637.0,0,0.52,1
65,3218.0,4,Formal,5998.0,12,Bueno,0,197.0,0,0.155,1
63,3070.0,19,Independiente,7336.0,12,Bueno,0,127.0,0,0.199,0
48,2978.0,23,Formal,3562.0,48,Regular,0,401.0,0,0.025,0
55,3012.0,19,Formal,9978.0,36,Bueno,5,9.0,0,0.092,1
40,2507.0,24,Formal,7265.0,36,Regular,1,4189.0,1,0.08,0
59,4334.0,27,Formal,5799.0,36,Bueno,3,3698.0,0,0.037,1
42,3881.0,25,Independiente,4073.0,48,Malo,5,4835.0,1,0.022,1
69,3823.0,19,Formal,4690.0,12,Bueno,2,2865.0,0,0.102,1
24,2213.0,1,Informal,5580.0,24,Malo,2,3972.0,1,0.105,1
29,4699.0,10,Formal,5783.0,48,Regular,4,4059.0,0,0.026,0
68,4869.0,12,Formal,4049.0,36,Malo,4,8232.0,0,0.023,0
35,6903.0,21,Formal,6891.0,36,Regular,0,8072.0,1,0.028,1
36,4774.0,25,Formal,8215.0,24,Bueno,5,8144.0,0,0.072,0
59,7434.0,19,Formal,10957.0,60,Regular,0,6626.0,0,0.025,0
30,3162.0,10,Formal,17125.0,36,Bueno,2,5002.0,1,0.15,0
46,7045.0,23,Formal,2350.0,48,Bueno,5,4234.0,0,0.007,0
35,4830.0,20,Formal,8899.0,48,Bueno,3,5748.0,1,0.038,0
30,4610.0,23,Formal,6162.0,48,Malo,3,5121.0,1,0.028,0
68,3788.0,17,Formal,1959.0,12,Regular,5,3319.0,0,0.043,1
30,3504.0,19,Formal,5051.0,36,Bueno,2,3163.0,1,0.04,0
25,3248.0,10,Formal,2530.0,24,Regular,3,995.0,0,0.032,0
54,7138.0,11,Formal,10339.0,24,Bueno,3,11641.0,1,0.06,0
63,3745.0,8,Formal,9611.0,24,Bueno,0,3062.0,1,0.107,0
27,4861.0,7,Formal,7791.0,24,Bueno,1,1325.0,0,0.067,0
55,5248.0,19,Informal,4758.0,36,Bueno,4,6653.0,1,0.025,1
47,5221.0,11,Formal,14689.0,36,Regular,1,6834.0,0,0.078,1
61,4341.0,4,Formal,3762.0,24,Bueno,5,353.0,1,0.036,0
27,6995.0,1,Informal,5845.0,24,Bueno,5,4191.0,0,0.035,1
68,4723.0,25,Formal,6452.0,24,Bueno,4,4967.0,0,0.057,0
51,3218.0,13,Formal,6968.0,36,Malo,0,4759.0,0,0.06,1
62,3562.0,17,Informal,22667.0,12,Regular,4,1991.0,0,0.53,0
38,2256.0,27,Independiente,16353.0,48,Bueno,5,1217.0,1,0.151,0
67,4511.0,3,Independiente,9444.0,24,Regular,4,5981.0,0,0.087,0
51,5009.0,28,Formal,7294.0,36,Bueno,3,1976.0,0,0.04,1
27,5167.0,21,Formal,7249.0,48,Malo,3,8333.0,0,0.029,1
66,4830.0,19,Formal,10755.0,36,Bueno,2,6872.0,1,0.062,1
59,3793.0,12,Independiente,13175.0,36,Bueno,1,6097.0,1,0.096,1
35,4049.0,21,Formal,3709.0,60,Bueno,2,2578.0,1,0.015,0
47,4053.0,6,Independiente,17213.0,12,Bueno,5,1209.0,1,0.354,0
40,5737.0,9,Informal,9189.0,24,Bueno,0,6042.0,1,0.067,0
47,1953.0,28,Informal,5315.0,60,Regular,0,668.0,1,0.045,0
68,3419.0,8,Formal,6743.0,48,Bueno,5,1638.0,1,0.041,1
65,2774.0,21,Independiente,9461.0,36,Bueno,4,2000.0,1,0.095,0
31,8066.0,27,Independiente,9713.0,24,Regular,3,6718.0,1,0.05,0
68,6157.0,17,Independiente,4088.0,24,Regular,2,3573.0,0,0.028,1
42,3471.0,8,Informal,7091.0,48,Malo,0,1779.0,0,0.043,1
55,2415.0,25,Independiente,8200.0,36,Bueno,4,1073.0,0,0.094,1
58,2649.0,24,Independiente,13285.0,24,Malo,3,3291.0,1,0.209,0
44,5709.0,16,Formal,14066.0,12,Regular,4,3143.0,1,0.205,0
43,2233.0,3,Independiente,3457.0,48,Regular,2,2791.0,0,0.032,0
43,4072.0,13,Independiente,7500.0,36,Bueno,4,5445.0,0,0.051,0
63,5364.0,12,Independiente,5155.0,60,Bueno,5,6896.0,1,0.016,1
39,2558.0,5,Independiente,9341.0,36,Bueno,0,4210.0,1,0.101,0
34,4057.0,12,Formal,22039.0,24,Regular,4,6970.0,1,0.226,1
38,3491.0,4,Formal,12443.0,24,Regular,3,923.0,1,0.149,1
30,3329.0,20,Informal,9797.0,36,Bueno,2,1921.0,1,0.082,0
40,3130.0,12,Formal,11312.0,24,Bueno,1,4438.0,0,0.151,0
26,5527.0,21,Independiente,15719.0,12,Malo,0,7778.0,1,0.237,0
25,6643.0,13,Independiente,11842.0,24,Bueno,0,848.0,1,0.074,0
56,3686.0,21,Formal,3814.0,24,Regular,1,6383.0,0,0.043,1
24,4617.0,21,Formal,17920.0,48,Malo,3,7116.0,0,0.081,1
48,4090.0,4,Independiente,7915.0,24,Bueno,3,6620.0,1,0.081,0
59,2041.0,13,Independiente,9137.0,36,Regular,5,751.0,0,0.124,1
56,3634.0,22,Formal,14057.0,36,Regular,4,3277.0,1,0.107,0
42,1903.0,17,Informal,21453.0,12,Bueno,5,1509.0,1,0.939,0
30,3387.0,6,Independiente,5832.0,36,Bueno,4,2197.0,1,0.048,0
66,4016.0,24,Formal,13640.0,48,Malo,3,1644.0,1,0.071,0
61,5206.0,5,Formal,5630.0,36,Bueno,4,1308.0,1,0.03,0
50,4467.0,29,Formal,8727.0,36,Bueno,4,6999.0,0,0.054,0
25,5580.0,21,Formal,3106.0,48,Bueno,4,5328.0,0,0.012,0
22,2950.0,9,Formal,5648.0,60,Regular,1,3190.0,1,0.032,0
36,6324.0,5,Formal,8486.0,48,Bueno,4,2978.0,1,0.028,1
28,6646.0,27,Informal,10088.0,36,Bueno,1,11186.0,1,0.042,0
63,1870.0,15,Independiente,9777.0,36,Bueno,1,3152.0,1,0.145,1
31,2188.0,24,Informal,12700.0,36,Bueno,4,2644.0,0,0.161,1
34,3982.0,24,Independiente,6125.0,24,Regular,3,2298.0,1,0.064,0
68,3297.0,2,Independiente,7145.0,36,Malo,4,1382.0,0,0.06,1
61,3480.0,20,Informal,7340.0,48,Bueno,4,3729.0,0,0.044,0
31,4452.0,10,Formal,6382.0,24,Regular,4,6674.0,0,0.06,1
39,5662.0,27,Independiente,4505.0,48,Regular,0,9855.0,1,0.017,0
46,2895.0,6,Informal,7945.0,60,Regular,0,355.0,1,0.046,0
53,6009.0,1,Informal,11591.0,24,Regular,1,3615.0,1,0.08,0
66,3110.0,19,Formal,9035.0,12,Bueno,2,2190.0,0,0.242,0
63,8493.0,16,Informal,5942.0,60,Regular,4,5641.0,0,0.012,1
68,6341.0,16,Independiente,8031.0,24,Regular,0,7622.0,0,0.053,1
22,3223.0,7,Formal,5739.0,48,Regular,3,3175.0,1,0.037,0
32,2434.0,14,Formal,10227.0,12,Bueno,4,3905.0,1,0.35,1
48,3197.0,28,Formal,11798.0,24,Bueno,2,1281.0,0,0.154,0
23,3041.0,22,Formal,11950.0,24,Bueno,1,2186.0,1,0.164,0
38,4970.0,29,Formal,6737.0,24,Bueno,1,4841.0,0,0.056,0
28,1886.0,9,Formal,5808.0,60,Bueno,2,2773.0,0,0.051,0
66,2197.0,26,Informal,12700.0,24,Bueno,3,3256.0,1,0.241,0
24,4918.0,11,Informal,6452.0,24,Bueno,3,7608.0,0,0.055,1
28,2994.0,28,Informal,7960.0,36,Bueno,5,2798.0,1,0.074,0
30,3403.0,25,Independiente,8984.0,60,Malo,0,1480.0,0,0.044,1
28,5355.0,4,Informal,7603.0,24,Bueno,1,7000.0,0,0.059,0
48,5755.0,29,Formal,11018.0,48,Bueno,2,9889.0,1,0.04,0
38,6226.0,18,Formal,3316.0,12,Regular,2,3197.0,0,0.044,1
65,5190.0,23,Formal,9721.0,48,Bueno,4,1853.0,1,0.039,0
33,3748.0,17,Formal,4865.0,48,Bueno,0,152.0,1,0.027,0
47,3636.0,6,Independiente,6066.0,48,Bueno,1,4362.0,1,0.035,1
53,3485.0,29,Formal,8381.0,36,Bueno,0,3419.0,1,0.067,0
51,2562.0,3,Informal,2842.0,60,Regular,3,621.0,1,0.018,1
60,2853.0,24,Formal,6940.0,24,Bueno,5,1025.0,0,0.101,0
30,5921.0,6,Formal,6303.0,48,Bueno,5,7058.0,0,0.022,1
45,3102.0,23,Formal,7149.0,48,Bueno,0,2435.0,0,0.048,0
60,2567.0,12,Formal,6112.0,24,Bueno,0,1078.0,1,0.099,0
63,6104.0,7,Informal,7988.0,60,Regular,3,6656.0,0,0.022,1
51,2318.0,7,Independiente,5623.0,48,Bueno,1,220.0,0,0.051,0
52,4354.0,9,Formal,7445.0,48,Bueno,1,127.0,0,0.036,1
63,1722.0,27,Independiente,8370.0,24,Bueno,4,809.0,0,0.203,1
51,7198.0,23,Formal,12946.0,48,Regular,1,3751.0,0,0.037,0
67,6902.0,20,Formal,14460.0,24,Bueno,3,1297.0,0,0.087,0
27,2647.0,18,Formal,3480.0,60,Regular,0,547.0,0,0.022,0
38,3888.0,12,Formal,13480.0,12,Bueno,5,1174.0,1,0.289,1
26,2777.0,27,Independiente,4489.0,36,Malo,0,3622.0,1,0.045,1
25,2769.0,8,Informal,7478.0,12,Bueno,0,4018.0,0,0.225,1
44,3448.0,28,Formal,2955.0,48,Regular,2,1127.0,0,0.018,0
32,5023.0,11,Independiente,2170.0,24,Bueno,5,5938.0,0,0.018,0
40,5034.0,10,Independiente,21337.0,48,Bueno,3,2117.0,0,0.088,0
42,4806.0,14,Formal,7588.0,48,Regular,2,7613.0,0,0.033,0
51,3743.0,22,Formal,6703.0,24,Malo,1,1812.0,0,0.075,0
67,5133.0,21,Formal,8899.0,48,Regular,1,1199.0,1,0.036,0
62,2554.0,23,Formal,6790.0,36,Bueno,3,2019.0,0,0.074,0
39,4379.0,2,Formal,11722.0,36,Bueno,3,1216.0,1,0.074,0
36,4063.0,4,Formal,8632.0,24,Bueno,3,1451.0,1,0.089,0
58,3663.0,25,Formal,10722.0,24,Regular,2,2236.0,0,0.122,0
27,4440.0,29,Independiente,4893.0,12,Bueno,1,5280.0,0,0.092,0
47,1826.0,3,Formal,3199.0,36,Bueno,1,384.0,0,0.049,0
41,2797.0,27,Informal,12432.0,36,Bueno,1,1430.0,0,0.123,0
29,4876.0,7,Formal,9106.0,36,Malo,1,7534.0,1,0.052,1
51,4025.0,29,Formal,3818.0,60,Bueno,2,1983.0,0,0.016,0
36,2270.0,29,Independiente,3855.0,12,Bueno,1,688.0,0,0.142,0
30,3991.0,19,Independiente,8082.0,48,Bueno,4,3833.0,0,0.042,0
53,3309.0,5,Informal,10278.0,48,Bueno,3,198.0,1,0.065,0
29,5977.0,23,Formal,4471.0,48,Bueno,1,8649.0,0,0.016,0
53,2620.0,3,Formal,16128.0,36,Regular,0,1049.0,1,0.171,0
28,2654.0,10,Independiente,10995.0,24,Bueno,0,635.0,1,0.173,0
42,4646.0,19,Independiente,12900.0,48,Bueno,0,6759.0,0,0.058,0
60,3797.0,2,Independiente,7971.0,48,Bueno,1,5760.0,0,0.044,1
32,3732.0,11,Independiente,7612.0,48,Bueno,1,4936.0,1,0.042,0
58,8513.0,23,Formal,3624.0,24,Regular,0,3595.0,1,0.018,0
56,5086.0,2,Independiente,4918.0,36,Bueno,4,4824.0,0,0.027,0
65,3561.0,11,Independiente,7103.0,36,Regular,3,6212.0,0,0.055,0
29,2168.0,0,Independiente,9233.0,36,Bueno,5,1864.0,1,0.118,0
56,3489.0,19,Formal,8363.0,48,Bueno,5,5964.0,0,0.05,1
66,2525.0,2,Informal,2388.0,24,Bueno,0,3074.0,0,0.039,0
58,2861.0,8,Independiente,4330.0,24,Bueno,4,4352.0,1,0.063,0
30,2895.0,15,Formal,8655.0,12,Bueno,5,1003.0,0,0.249,0
61,5798.0,6,Formal,9359.0,24,Bueno,4,9672.0,1,0.067,0
26,2337.0,6,Independiente,6054.0,24,Regular,4,3590.0,0,0.108,0
49,5580.0,25,Informal,10495.0,12,Bueno,0,7885.0,1,0.157,0
45,4724.0,23,Formal,10412.0,24,Bueno,5,8003.0,0,0.092,0
47,4698.0,2,Informal,20570.0,36,Bueno,4,6671.0,0,0.122,1
46,2819.0,25,Formal,7639.0,48,Bueno,3,2927.0,1,0.056,0
22,5304.0,14,Formal,5928.0,24,Bueno,5,6193.0,0,0.047,1
45,2701.0,4,Independiente,4486.0,12,Regular,2,3991.0,1,0.138,0
66,6686.0,27,Formal,3359.0,48,Regular,3,9016.0,1,0.01,1
42,5849.0,10,Formal,10180.0,24,Regular,4,6230.0,0,0.073,1
34,7126.0,9,Independiente,9586.0,24,Bueno,4,7671.0,0,0.056,0
69,4071.0,4,Formal,3606.0,36,Bueno,3,6451.0,0,0.025,0
25,3796.0,26,Formal,10216.0,60,Regular,4,68.0,0,0.045,0
44,3454.0,8,Formal,8204.0,24,Bueno,5,4464.0,1,0.099,0
46,8439.0,17,Formal,6419.0,60,Regular,3,8593.0,0,0.013,0
44,5006.0,7,Formal,2276.0,24,Regular,5,7554.0,0,0.019,1
66,2535.0,26,Formal,9535.0,12,Bueno,2,937.0,0,0.313,0
41,6389.0,23,Informal,17311.0,24,Bueno,3,6042.0,1,0.113,1
68,3744.0,15,Independiente,4816.0,48,Regular,3,860.0,1,0.027,0
24,1488.0,10,Independiente,8212.0,36,Bueno,3,1766.0,0,0.153,1
56,3037.0,19,Formal,9942.0,36,Bueno,1,4175.0,1,0.091,0
50,5847.0,14,Formal,1718.0,60,Bueno,2,6562.0,0,0.005,1
32,4730.0,28,Informal,4381.0,36,Bueno,0,4723.0,1,0.026,1
32,5075.0,20,Independiente,3060.0,12,Regular,4,3137.0,0,0.05,0
56,6365.0,0,Informal,17256.0,48,Bueno,4,7330.0,1,0.056,0
52,2036.0,24,Formal,1666.0,24,Regular,4,3297.0,0,0.034,1
50,3050.0,5,Independiente,6403.0,36,Malo,5,3961.0,0,0.058,1
23,4104.0,9,Independiente,8717.0,48,Malo,3,170.0,0,0.044,1
50,5913.0,13,Formal,4793.0,36,Bueno,2,5415.0,0,0.023,1
69,2696.0,6,Informal,1865.0,24,Bueno,0,3574.0,0,0.029,1
21,3553.0,28,Formal,6552.0,36,Malo,0,3224.0,1,0.051,1
43,4009.0,29,Formal,4748.0,12,Regular,5,4267.0,0,0.099,1
45,2995.0,4,Formal,9240.0,24,Bueno,4,4914.0,1,0.129,0
64,3992.0,9,Independiente,11086.0,36,Regular,2,6280.0,1,0.077,0
34,3790.0,11,Independiente,3622.0,24,Regular,5,555.0,0,0.04,1
44,3279.0,20,Formal,5032.0,12,Regular,1,3013.0,1,0.128,0
56,5299.0,17,Informal,5178.0,36,Malo,4,5936.0,0,0.027,1
23,4945.0,20,Formal,11000.0,36,Malo,1,7584.0,0,0.062,0
60,5387.0,0,Informal,7719.0,24,Bueno,4,2574.0,1,0.06,1
61,5565.0,15,Independiente,3708.0,60,Bueno,0,1401.0,1,0.011,0
56,6974.0,6,Informal,12891.0,12,Regular,4,7496.0,1,0.154,0
52,2239.0,6,Independiente,4785.0,24,Regular,2,1885.0,0,0.089,1
57,2329.0,23,Formal,5532.0,48,Regular,3,1080.0,1,0.049,0
59,5131.0,4,Formal,4221.0,12,Bueno,0,8709.0,0,0.069,0
65,3390.0,0,Informal,8043.0,60,Regular,2,1938.0,1,0.04,1
41,3234.0,14,Informal,6051.0,36,Bueno,0,322.0,1,0.052,0
43,3058.0,22,Independiente,14940.0,36,Malo,3,324.0,0,0.136,1
52,5457.0,15,Independiente,7776.0,24,Regular,0,1975.0,1,0.059,0
30,8224.0,4,Formal,4371.0,24,Bueno,5,1728.0,0,0.022,0
62,5554.0,23,Formal,7317.0,48,Regular,1,3946.0,0,0.027,0
58,3334.0,11,Formal,16085.0,12,Regular,3,483.0,1,0.402,1
51,5354.0,21,Independiente,3461.0,48,Bueno,5,5408.0,0,0.013,0
35,2303.0,6,Independiente,9530.0,48,Bueno,2,1693.0,0,0.086,0
38,1388.0,27,Independiente,2295.0,48,Regular,3,1494.0,1,0.034,0
42,3693.0,8,Independiente,14376.0,12,Regular,5,6576.0,0,0.324,1
53,2037.0,29,Formal,5614.0,48,Bueno,0,3637.0,1,0.057,0
59,3392.0,11,Formal,4301.0,48,Malo,3,2546.0,0,0.026,0
53,4269.0,21,Formal,15556.0,12,Malo,3,2821.0,1,0.304,1
66,8829.0,15,Formal,7049.0,48,Regular,4,10831.0,1,0.017,0
68,6093.0,2,Independiente,7200.0,12,Malo,3,4032.0,0,0.098,0
55,2052.0,2,Independiente,5662.0,60,Bueno,2,2875.0,0,0.046,1
39,2123.0,12,Informal,5802.0,12,Malo,3,2299.0,1,0.228,0
50,3003.0,5,Formal,2153.0,24,Malo,1,1078.0,0,0.03,1
41,7475.0,18,Informal,9453.0,36,Regular,2,5582.0,1,0.035,1
51,2086.0,4,Independiente,3073.0,12,Bueno,5,3243.0,0,0.123,0
60,3067.0,17,Formal,11944.0,24,Bueno,3,3055.0,0,0.162,0
39,3061.0,6,Independiente,3843.0,12,Bueno,4,3912.0,0,0.105,1
45,4643.0,5,Informal,7571.0,48,Regular,0,5933.0,0,0.034,0
23,5405.0,11,Formal,5134.0,12,Bueno,2,4691.0,0,0.079,0
57,4963.0,17,Independiente,5661.0,36,Regular,1,2640.0,0,0.032,0
45,4402.0,11,Formal,6293.0,36,Regular,5,4725.0,1,0.04,1
43,2269.0,10,Formal,8662.0,36,Bueno,5,462.0,0,0.106,0
47,4149.0,10,Formal,15315.0,24,Bueno,2,4461.0,0,0.154,0
31,6435.0,10,Formal,5582.0,24,Regular,2,1190.0,0,0.036,0
50,7258.0,12,Independiente,1929.0,60,Bueno,4,11781.0,0,0.004,1
57,4597.0,25,Formal,13547.0,48,Malo,0,6155.0,0,0.061,1
38,2059.0,17,Independiente,10241.0,60,Malo,3,672.0,1,0.083,1
27,4626.0,12,Informal,3756.0,48,Bueno,1,6534.0,0,0.017,1
39,3785.0,22,Informal,3370.0,48,Regular,3,4945.0,1,0.019,0
30,2176.0,15,Formal,8879.0,60,Regular,4,2853.0,0,0.068,0
39,2638.0,28,Formal,8047.0,36,Malo,4,1592.0,1,0.085,0
51,2819.0,16,Formal,17379.0,60,Regular,0,2652.0,0,0.103,0
26,5138.0,6,Formal,9505.0,12,Malo,1,5417.0,0,0.154,0
57,7137.0,16,Formal,4947.0,12,Bueno,2,4843.0,0,0.058,0
32,4843.0,23,Independiente,4315.0,36,Bueno,4,4885.0,0,0.025,0
64,5199.0,6,Independiente,7434.0,36,Regular,1,2284.0,0,0.04,1
56,3884.0,6,Formal,2219.0,36,Regular,2,6116.0,0,0.016,1
34,3216.0,17,Formal,2724.0,36,Malo,1,5559.0,0,0.024,1
48,4893.0,26,Informal,3492.0,36,Bueno,2,2878.0,1,0.02,1
26,4424.0,10,Informal,4874.0,48,Bueno,2,2727.0,1,0.023,0
25,2915.0,15,Independiente,6986.0,24,Regular,1,1134.0,1,0.1,0
67,4314.0,19,Independiente,9849.0,24,Malo,0,6715.0,1,0.095,1
60,3978.0,19,Independiente,13985.0,48,Regular,0,1170.0,1,0.073,0
28,3543.0,4,Formal,12548.0,36,Bueno,2,5095.0,0,0.098,0
34,3174.0,11,Informal,11500.0,48,Malo,0,4755.0,1,0.075,0
30,4595.0,29,Formal,5536.0,24,Regular,0,2615.0,0,0.05,0
40,3251.0,26,Independiente,4384.0,12,Malo,5,4546.0,0,0.112,1
35,8229.0,23,Formal,8779.0,60,Regular,5,6710.0,0,0.018,0
37,4782.0,0,Independiente,9087.0,12,Bueno,3,2999.0,0,0.158,1
46,4624.0,12,Independiente,3709.0,36,Malo,3,7436.0,0,0.022,1
30,3730.0,1,Independiente,6276.0,24,Bueno,0,3045.0,1,0.07,1
64,3429.0,9,Formal,4180.0,36,Malo,0,341.0,0,0.034,1
56,1886.0,25,Independiente,2662.0,48,Bueno,0,2154.0,1,0.029,0
58,2986.0,11,Independiente,8417.0,36,Regular,1,3537.0,1,0.078,0
29,2043.0,5,Independiente,11377.0,12,Bueno,0,2334.0,0,0.464,0
55,2032.0,21,Formal,16513.0,48,Bueno,4,1318.0,0,0.169,1
61,2493.0,22,Independiente,6548.0,12,Malo,4,3045.0,0,0.219,1
29,6175.0,19,Independiente,2363.0,24,Bueno,4,3236.0,1,0.016,0
57,6163.0,24,Formal,18106.0,36,Bueno,1,5151.0,0,0.082,0
38,3012.0,21,Independiente,18985.0,36,Malo,2,1175.0,1,0.175,1
59,2249.0,19,Formal,28393.0,36,Bueno,2,2483.0,0,0.351,0
44,3372.0,26,Independiente,22171.0,24,Regular,0,4919.0,1,0.274,1
60,5118.0,9,Formal,8143.0,24,Malo,2,900.0,0,0.066,1
28,5689.0,13,Informal,7167.0,24,Bueno,3,277.0,0,0.052,1
40,4291.0,16,Formal,10733.0,48,Bueno,1,5879.0,1,0.052,0
34,4574.0,20,Formal,2976.0,12,Regular,1,2658.0,0,0.054,0
33,4408.0,14,Formal,4719.0,60,Regular,2,2569.0,1,0.018,1
36,2096.0,13,Informal,6601.0,24,Bueno,0,2131.0,0,0.131,1
39,2330.0,4,Formal,12803.0,24,Bueno,3,2041.0,1,0.229,0
27,7253.0,19,Formal,13115.0,48,Bueno,2,1587.0,1,0.038,0
55,4284.0,3,Formal,6812.0,24,Bueno,4,5864.0,1,0.066,1
47,1721.0,14,Independiente,3162.0,36,Bueno,4,546.0,0,0.051,0
61,4677.0,12,Formal,11269.0,60,Malo,2,6954.0,0,0.04,1
55,2769.0,23,Independiente,3030.0,48,Bueno,2,3810.0,0,0.023,0
28,5863.0,14,Formal,5206.0,36,Bueno,3,1765.0,1,0.025,0
24,5624.0,0,Formal,8110.0,48,Malo,0,7676.0,0,0.03,1
41,5011.0,15,Formal,2820.0,24,Bueno,1,5962.0,0,0.023,0
44,4265.0,6,Independiente,4545.0,48,Malo,0,7537.0,1,0.022,0
32,6405.0,11,Formal,12214.0,24,Malo,1,8207.0,0,0.079,1
59,6658.0,8,Informal,10738.0,12,Bueno,3,4677.0,0,0.134,1
49,2796.0,4,Formal,3417.0,36,Bueno,1,3121.0,0,0.034,1
57,4991.0,28,Independiente,8657.0,24,Bueno,3,5946.0,0,0.072,0
26,3187.0,7,Formal,2338.0,48,Bueno,4,4277.0,1,0.015,0
60,2646.0,15,Formal,10116.0,12,Bueno,4,2232.0,0,0.319,0
31,6655.0,24,Informal,4792.0,12,Bueno,3,9915.0,0,0.06,0
42,5292.0,10,Independiente,6350.0,36,Bueno,3,2733.0,0,0.033,1
42,4397.0,28,Independiente,7571.0,36,Regular,2,7624.0,0,0.048,1
61,2896.0,12,Independiente,3547.0,60,Bueno,2,1618.0,0,0.02,0
34,6732.0,28,Formal,4572.0,24,Bueno,4,455.0,0,0.028,0
32,9408.0,13,Informal,16853.0,12,Bueno,2,3389.0,1,0.149,0
37,2754.0,0,Formal,6090.0,12,Bueno,2,4598.0,0,0.184,0
38,2526.0,26,Informal,7811.0,36,Regular,5,3592.0,0,0.086,0
29,3983.0,25,Independiente,7884.0,12,Regular,5,3150.0,0,0.165,1
29,5118.0,28,Formal,14193.0,48,Bueno,5,8339.0,0,0.058,0
32,3495.0,3,Independiente,11103.0,12,Regular,4,1552.0,0,0.265,0
43,14484.0,25,Informal,3663.0,60,Bueno,2,6089.0,0,0.004,1
37,4240.0,10,Formal,15180.0,36,Malo,5,984.0,1,0.099,0
40,3182.0,25,Formal,18262.0,36,Bueno,3,2534.0,0,0.159,1
56,3317.0,28,Independiente,3649.0,12,Regular,5,3070.0,0,0.092,1
32,7576.0,5,Formal,5868.0,12,Bueno,0,1979.0,0,0.065,0
65,3843.0,11,Formal,6719.0,24,Bueno,0,793.0,0,0.073,1
57,6564.0,8,Independiente,6000.0,36,Bueno,0,4613.0,1,0.025,0
29,2006.0,9,Informal,10144.0,36,Bueno,5,840.0,0,0.14,1
36,5909.0,17,Independiente,6374.0,24,Regular,1,6108.0,1,0.045,1
29,2949.0,12,Informal,5253.0,24,Regular,0,2783.0,0,0.074,1
34,5341.0,19,Formal,10401.0,60,Bueno,4,1562.0,0,0.032,0
38,2940.0,20,Formal,1964.0,24,Malo,4,70.0,0,0.028,1
27,3405.0,6,Formal,8151.0,12,Bueno,5,3952.0,0,0.199,0
21,2617.0,1,Formal,9497.0,24,Malo,3,3641.0,0,0.151,0
42,5380.0,22,Independiente,14654.0,24,Bueno,4,4728.0,1,0.113,0
55,5703.0,5,Formal,7488.0,36,Bueno,3,5908.0,0,0.036,0
35,2985.0,5,Formal,2447.0,36,Bueno,4,5167.0,0,0.023,0
63,2194.0,18,Independiente,7744.0,36,Regular,3,3032.0,1,0.098,0
39,6528.0,7,Independiente,2330.0,36,Regular,0,3922.0,1,0.01,0
65,3118.0,5,Independiente,8939.0,24,Regular,1,4772.0,0,0.119,0
32,3768.0,9,Independiente,13276.0,12,Bueno,5,3720.0,0,0.294,0
47,2787.0,15,Informal,6921.0,48,Bueno,0,2618.0,0,0.052,1
58,5182.0,25,Independiente,6378.0,24,Regular,0,6454.0,0,0.051,0
23,5232.0,29,Informal,10966.0,24,Malo,4,4045.0,0,0.087,1
66,6948.0,21,Informal,8756.0,36,Bueno,5,11015.0,0,0.035,0
38,5976.0,26,Informal,10517.0,48,Regular,2,1799.0,0,0.037,1
45,5817.0,15,Formal,21906.0,24,Regular,0,4418.0,1,0.157,0
51,3898.0,12,Independiente,5455.0,60,Bueno,3,455.0,0,0.023,0
52,3719.0,24,Formal,9270.0,24,Regular,0,4722.0,0,0.104,1
22,5155.0,9,Formal,15322.0,60,Bueno,2,2508.0,0,0.05,0
63,3816.0,24,Independiente,15453.0,24,Bueno,3,2922.0,0,0.169,1
51,6055.0,29,Formal,9765.0,48,Regular,5,9660.0,0,0.034,1
69,2721.0,11,Independiente,6228.0,24,Malo,0,912.0,0,0.095,0
44,1991.0,19,Informal,10441.0,48,Bueno,3,8.0,1,0.109,0
51,4925.0,23,Formal,10563.0,36,Bueno,0,5125.0,0,0.06,0
42,3264.0,23,Informal,11548.0,48,Bueno,2,2571.0,0,0.074,0
64,2568.0,6,Independiente,3798.0,48,Bueno,4,254.0,1,0.031,0
61,8609.0,28,Informal,17997.0,36,Regular,0,4591.0,0,0.058,1
65,4035.0,15,Formal,15353.0,24,Bueno,4,1737.0,1,0.159,0
45,2352.0,1,Informal,7046.0,24,Bueno,5,1103.0,0,0.125,1
59,3119.0,3,Formal,14531.0,60,Regular,1,4433.0,1,0.078,0
38,3601.0,21,Informal,6770.0,60,Bueno,4,1975.0,0,0.031,0
43,4886.0,12,Formal,16431.0,12,Bueno,3,4306.0,1,0.28,0
58,3125.0,3,Formal,7711.0,24,Regular,5,1494.0,0,0.103,0
24,3789.0,15,Formal,4285.0,12,Bueno,3,6483.0,1,0.094,0
55,4455.0,17,Independiente,20299.0,24,Bueno,4,6208.0,1,0.19,0
21,4769.0,2,Informal,11295.0,24,Bueno,0,3634.0,0,0.099,0
49,3893.0,10,Independiente,6520.0,48,Bueno,1,5094.0,1,0.035,1
44,7528.0,13,Independiente,17187.0,12,Malo,2,4266.0,1,0.19,1
43,5203.0,23,Formal,10505.0,48,Regular,5,770.0,1,0.042,0
45,5093.0,19,Informal,6054.0,60,Bueno,3,3947.0,0,0.02,1
45,5022.0,2,Formal,17305.0,24,Bueno,1,5104.0,1,0.144,0
40,6073.0,18,Informal,11521.0,36,Bueno,5,3819.0,0,0.053,1
43,4342.0,27,Independiente,8882.0,36,Malo,3,3138.0,0,0.057,0
48,2705.0,1,Formal,7430.0,24,Regular,2,3479.0,1,0.114,0
58,4683.0,29,Formal,4187.0,48,Regular,2,7548.0,1,0.019,0
48,4908.0,2,Independiente,1503.0,36,Bueno,4,7899.0,1,0.009,0
52,6439.0,18,Informal,10898.0,12,Malo,5,6672.0,0,0.141,0
61,2604.0,10,Independiente,3673.0,48,Regular,3,2951.0,1,0.029,1
69,2840.0,21,Informal,4186.0,24,Bueno,5,2724.0,0,0.061,0
26,4084.0,25,Informal,6706.0,24,Bueno,4,2729.0,0,0.068,0
55,5077.0,25,Formal,6802.0,60,Bueno,0,6746.0,1,0.022,0
32,2427.0,26,Independiente,4524.0,12,Regular,4,486.0,1,0.155,0
30,2630.0,24,Independiente,10892.0,12,Bueno,3,4232.0,0,0.345,1
59,5536.0,9,Formal,2546.0,24,Bueno,3,2827.0,0,0.019,0
24,2464.0,13,Independiente,10773.0,24,Regular,3,971.0,1,0.182,0
62,2854.0,21,Formal,6267.0,36,Regular,0,1408.0,0,0.061,0
58,5671.0,5,Independiente,4387.0,36,Bueno,5,8286.0,0,0.021,1
69,5049.0,17,Independiente,2699.0,24,Bueno,5,2444.0,0,0.022,1
53,3137.0,15,Informal,8148.0,36,Bueno,5,3442.0,0,0.072,0
63,4828.0,29,Independiente,3499.0,12,Bueno,3,2982.0,0,0.06,0
26,4481.0,1,Independiente,3191.0,24,Regular,1,5294.0,0,0.03,1
64,3836.0,2,Formal,15230.0,60,Regular,3,4085.0,0,0.066,0
28,3462.0,0,Informal,3001.0,48,Malo,1,6218.0,0,0.018,1
36,4756.0,16,Formal,2516.0,48,Regular,3,2662.0,0,0.011,0
27,2544.0,16,Independiente,10298.0,24,Regular,4,1602.0,1,0.169,1
40,4736.0,17,Informal,8525.0,36,Bueno,1,1694.0,0,0.05,1
57,4324.0,7,Formal,5224.0,48,Bueno,2,3611.0,1,0.025,0
34,4441.0,9,Formal,4025.0,48,Malo,2,6694.0,0,0.019,1
61,2808.0,12,Formal,4703.0,48,Regular,5,1066.0,0,0.035,0
50,6503.0,1,Independiente,5309.0,36,Malo,3,11254.0,0,0.023,1
51,3142.0,22,Formal,9646.0,12,Regular,2,74.0,0,0.256,0
67,3327.0,1,Formal,8259.0,12,Bueno,2,4822.0,0,0.207,0
42,3779.0,20,Formal,5868.0,12,Bueno,1,4705.0,0,0.129,0
37,5044.0,13,Formal,5830.0,24,Bueno,0,8219.0,1,0.048,0
69,4391.0,29,Formal,10560.0,12,Regular,4,4124.0,1,0.2,0
48,2164.0,20,Independiente,4377.0,36,Malo,4,2652.0,1,0.056,0
51,4013.0,14,Independiente,2642.0,36,Regular,1,357.0,1,0.018,1
35,4139.0,21,Independiente,14324.0,36,Bueno,2,2938.0,0,0.096,0
31,6564.0,3,Formal,5872.0,36,Bueno,4,9106.0,0,0.025,1
29,3579.0,5,Informal,19161.0,24,Bueno,4,702.0,0,0.223,0
31,4879.0,14,Independiente,5393.0,36,Bueno,0,6871.0,1,0.031,0
30,10198.0,25,Informal,7205.0,60,Malo,0,5659.0,1,0.012,0
57,6125.0,24,Independiente,4165.0,36,Regular,0,3892.0,1,0.019,0
23,2751.0,11,Formal,8336.0,48,Bueno,3,3206.0,0,0.063,0
51,5298.0,8,Independiente,5915.0,24,Malo,5,745.0,0,0.047,1
67,4743.0,28,Formal,6334.0,36,Bueno,0,5333.0,0,0.037,0
58,3535.0,16,Informal,7653.0,36,Malo,4,5814.0,1,0.06,1
40,5322.0,3,Independiente,5465.0,36,Regular,4,898.0,0,0.029,0
23,2735.0,6,Formal,8185.0,48,Bueno,5,1246.0,0,0.062,0
61,3165.0,25,Formal,4744.0,36,Regular,3,78.0,1,0.042,1
21,3794.0,26,Independiente,7947.0,48,Bueno,5,3537.0,0,0.044,0
54,3474.0,27,Formal,2343.0,48,Regular,2,4571.0,0,0.014,0
53,5104.0,0,Formal,3001.0,48,Bueno,1,8511.0,1,0.012,0
30,3972.0,24,Informal,4123.0,12,Bueno,5,2631.0,1,0.087,0
57,3344.0,3,Formal,3383.0,12,Regular,3,895.0,0,0.084,0
29,6086.0,24,Formal,3550.0,48,Bueno,1,319.0,0,0.012,1
32,5031.0,26,Formal,9321.0,48,Bueno,3,2943.0,0,0.039,0
60,2317.0,10,Independiente,6008.0,60,Regular,2,2136.0,1,0.043,0
68,2301.0,5,Independiente,5466.0,24,Bueno,4,3731.0,0,0.099,0
33,3353.0,21,Independiente,8228.0,48,Regular,4,1306.0,0,0.051,0
66,2422.0,2,Informal,8582.0,48,Regular,0,3406.0,0,0.074,0
65,5712.0,17,Formal,5105.0,48,Bueno,3,4945.0,1,0.019,0
58,3221.0,9,Formal,12365.0,36,Malo,5,5030.0,0,0.107,1
27,4876.0,12,Formal,6208.0,12,Bueno,3,7575.0,0,0.106,0
35,8165.0,24,Formal,9814.0,36,Bueno,4,12606.0,0,0.033,0
54,5270.0,29,Formal,4740.0,36,Bueno,5,3807.0,1,0.025,0
69,1894.0,12,Formal,8048.0,24,Regular,2,1180.0,1,0.177,0
60,3276.0,8,Informal,10326.0,24,Bueno,4,1222.0,1,0.131,1
41,3730.0,25,Formal,9673.0,48,Bueno,0,1534.0,0,0.054,0
32,4464.0,12,Informal,9184.0,12,Bueno,0,4952.0,0,0.171,1
68,5589.0,5,Informal,4604.0,36,Regular,4,9677.0,0,0.023,0
34,8765.0,27,Independiente,3292.0,36,Bueno,1,9560.0,0,0.01,0
37,7231.0,29,Informal,3063.0,60,Bueno,4,5367.0,0,0.007,0
68,3954.0,8,Independiente,5316.0,36,Bueno,5,1725.0,0,0.037,0
48,3937.0,4,Formal,5096.0,24,Bueno,5,4620.0,1,0.054,0
33,6933.0,4,Independiente,8661.0,12,Regular,0,2632.0,1,0.104,1
21,4035.0,17,Formal,7047.0,24,Bueno,1,678.0,0,0.073,1
42,3249.0,9,Formal,3116.0,24,Bueno,3,547.0,0,0.04,0
69,5748.0,18,Informal,11334.0,48,Bueno,0,8799.0,1,0.041,0
42,4545.0,22,Independiente,7803.0,24,Regular,5,3127.0,0,0.072,1
55,2287.0,0,Formal,4422.0,12,Regular,5,3871.0,1,0.161,0
33,3591.0,25,Independiente,4872.0,48,Bueno,4,3211.0,0,0.028,0
59,2450.0,0,Informal,14267.0,12,Regular,1,3050.0,0,0.485,1
59,1486.0,3,Formal,3383.0,12,Regular,0,2212.0,1,0.19,0
50,7625.0,21,Formal,14682.0,36,Bueno,4,12002.0,1,0.053,0
58,4229.0,18,Formal,5920.0,12,Bueno,4,1237.0,0,0.117,0
49,3641.0,29,Informal,6152.0,24,Bueno,5,1420.0,0,0.07,0
39,3343.0,17,Independiente,8254.0,60,Regular,2,903.0,1,0.041,1
57,4064.0,12,Formal,2601.0,48,Bueno,1,3259.0,0,0.013,1
61,3328.0,20,Independiente,7785.0,48,Bueno,5,929.0,0,0.049,0
62,2769.0,22,Independiente,10214.0,36,Bueno,0,3244.0,0,0.102,0
31,3401.0,20,Formal,5233.0,12,Bueno,3,2221.0,0,0.128,0
54,6667.0,11,Informal,6729.0,48,Regular,2,11569.0,1,0.021,1
21,5698.0,28,Independiente,19396.0,36,Bueno,3,8375.0,1,0.095,0
49,3402.0,9,Formal,10827.0,12,Bueno,2,4435.0,1,0.265,0
48,7933.0,10,Informal,3937.0,24,Regular,0,9834.0,1,0.021,0
38,3936.0,8,Formal,5048.0,36,Regular,3,281.0,1,0.036,1
69,2997.0,8,Formal,5815.0,12,Malo,1,451.0,0,0.162,0
64,4621.0,6,Formal,11206.0,24,Regular,0,3594.0,0,0.101,1
22,7076.0,17,Formal,3929.0,24,Bueno,2,11650.0,1,0.023,0
31,6543.0,21,Independiente,9688.0,36,Bueno,1,1107.0,0,0.041,1
31,3052.0,12,Formal,9723.0,12,Malo,4,2308.0,0,0.265,1
64,2565.0,27,Formal,6969.0,36,Regular,2,3666.0,0,0.075,0
46,3518.0,14,Informal,11415.0,24,Bueno,3,2025.0,0,0.135,0
56,4910.0,14,Formal,4164.0,36,Bueno,2,8214.0,1,0.024,0
60,5409.0,2,Formal,12681.0,24,Regular,5,9100.0,0,0.098,0
58,6184.0,27,Formal,2275.0,36,Bueno,0,634.0,1,0.01,0
25,4315.0,4,Informal,3916.0,36,Regular,0,4788.0,0,0.025,1
27,4368.0,4,Formal,2308.0,36,Regular,5,1145.0,1,0.015,0
40,4256.0,28,Formal,4307.0,12,Bueno,1,3378.0,0,0.084,0
37,5875.0,15,Informal,9821.0,36,Malo,4,9494.0,1,0.046,1
57,5445.0,2,Formal,8452.0,48,Malo,3,719.0,1,0.032,0
28,3012.0,13,Informal,7746.0,24,Bueno,4,5082.0,1,0.107,1
39,5193.0,17,Independiente,4266.0,36,Bueno,3,9296.0,0,0.023,0
32,5731.0,0,Informal,6665.0,36,Malo,1,6914.0,1,0.032,0
30,5905.0,22,Formal,12751.0,48,Bueno,3,3787.0,1,0.045,1
29,4547.0,20,Informal,4374.0,36,Malo,1,2054.0,1,0.027,1
30,4455.0,0,Formal,4494.0,60,Bueno,2,3469.0,1,0.017,0
48,4000.0,18,Formal,4607.0,36,Regular,3,1295.0,1,0.032,0
41,4156.0,6,Independiente,7517.0,36,Regular,0,150.0,0,0.05,0
42,7445.0,22,Formal,9340.0,24,Bueno,0,841.0,0,0.052,0
44,4208.0,11,Formal,10533.0,36,Regular,4,5026.0,0,0.07,0
57,3101.0,6,Independiente,5806.0,12,Bueno,0,116.0,0,0.156,1
63,4583.0,15,Formal,5497.0,36,Bueno,5,2487.0,1,0.033,0
46,5368.0,13,Formal,4917.0,24,Bueno,3,6536.0,0,0.038,0
52,5811.0,10,Formal,9017.0,36,Bueno,4,1828.0,1,0.043,0
57,2757.0,26,Formal,2661.0,48,Bueno,2,1649.0,0,0.02,0
54,6843.0,19,Independiente,6255.0,60,Bueno,4,387.0,0,0.015,0
27,5293.0,14,Independiente,6278.0,24,Bueno,1,1071.0,1,0.049,0
69,6693.0,6,Formal,9798.0,48,Bueno,3,2722.0,0,0.03,0
29,2387.0,17,Formal,3135.0,48,Bueno,1,542.0,0,0.027,0
41,5991.0,0,Formal,10218.0,48,Regular,4,5091.0,0,0.036,1
52,2709.0,26,Formal,8714.0,48,Bueno,2,619.0,0,0.067,0
40,3669.0,0,Formal,17011.0,24,Regular,4,2015.0,0,0.193,0
32,5358.0,20,Independiente,15263.0,48,Bueno,5,6978.0,1,0.059,0
66,2612.0,10,Formal,12257.0,36,Bueno,0,3074.0,1,0.13,0
24,3318.0,21,Independiente,1914.0,48,Bueno,0,2287.0,0,0.012,0
33,2371.0,10,Formal,3320.0,24,Bueno,2,3974.0,1,0.058,0
69,5304.0,0,Formal,11439.0,24,Bueno,3,7516.0,0,0.09,1
56,2993.0,28,Formal,6169.0,24,Regular,5,3271.0,1,0.086,0
25,4108.0,22,Formal,15250.0,36,Bueno,2,3230.0,0,0.103,0
57,4747.0,1,Independiente,7064.0,36,Bueno,5,513.0,1,0.041,0
68,4564.0,0,Independiente,9611.0,48,Regular,4,3392.0,1,0.044,0
25,4410.0,15,Informal,9235.0,12,Bueno,4,4328.0,0,0.175,1
41,4407.0,28,Formal,6960.0,12,Regular,5,7861.0,0,0.132,0
43,2429.0,17,Formal,11544.0,24,Regular,1,4161.0,0,0.198,0
27,3744.0,0,Informal,10028.0,24,Bueno,4,756.0,1,0.112,0
30,4392.0,20,Independiente,3511.0,36,Bueno,4,7742.0,0,0.022,1
29,4216.0,12,Formal,20119.0,48,Bueno,5,5727.0,1,0.099,1
30,3904.0,19,Formal,3323.0,60,Regular,1,4792.0,0,0.014,0
40,3142.0,10,Formal,4484.0,24,Malo,4,5110.0,1,0.059,0
43,4527.0,0,Formal,9522.0,24,Bueno,1,2649.0,1,0.088,0
32,4839.0,0,Independiente,8566.0,48,Malo,5,3478.0,0,0.037,1
35,3480.0,18,Formal,10491.0,24,Bueno,3,5456.0,1,0.126,0
30,5827.0,19,Informal,6052.0,48,Bueno,5,1091.0,1,0.022,0
60,6899.0,9,Independiente,8914.0,36,Bueno,3,8806.0,0,0.036,1
31,4138.0,2,Independiente,4666.0,48,Malo,0,6032.0,0,0.023,1
65,3036.0,23,Formal,7063.0,12,Bueno,2,4837.0,0,0.194,0
47,2600.0,4,Independiente,14257.0,60,Regular,3,1026.0,1,0.091,1
60,3650.0,5,Informal,3312.0,60,Bueno,3,4463.0,1,0.015,0
52,4026.0,13,Formal,11934.0,12,Malo,3,621.0,1,0.247,1
34,2550.0,21,Independiente,6306.0,36,Regular,4,3952.0,0,0.069,1
50,3609.0,29,Formal,4086.0,36,Regular,3,3130.0,0,0.031,0
34,5711.0,18,Formal,4256.0,24,Regular,1,6416.0,1,0.031,1
26,1786.0,28,Informal,6199.0,60,Bueno,0,2737.0,0,0.058,0
33,4234.0,19,Independiente,12235.0,24,Malo,1,3857.0,1,0.12,1
34,3311.0,25,Independiente,8884.0,24,Regular,0,3032.0,0,0.112,1
27,4072.0,5,Formal,3146.0,12,Bueno,4,3406.0,1,0.064,0
22,7042.0,1,Informal,11600.0,36,Malo,5,7614.0,0,0.046,1
67,4002.0,20,Independiente,10566.0,48,Regular,5,5167.0,0,0.055,1
46,3790.0,29,Formal,2292.0,36,Regular,3,5493.0,1,0.017,0
40,5177.0,22,Informal,3974.0,36,Regular,5,278.0,0,0.021,1
66,4550.0,10,Formal,12928.0,12,Bueno,3,2851.0,0,0.237,1
32,4241.0,14,Formal,6981.0,48,Bueno,0,3302.0,0,0.034,1
40,4610.0,3,Informal,11562.0,36,Bueno,3,819.0,1,0.07,0
62,6292.0,10,Formal,1603.0,36,Malo,3,8513.0,1,0.007,1
51,5573.0,20,Formal,1252.0,36,Regular,3,5245.0,1,0.006,0
40,3695.0,4,Formal,9888.0,60,Regular,4,13.0,0,0.045,0
33,6897.0,14,Informal,4934.0,48,Bueno,5,7838.0,1,0.015,0
22,3385.0,8,Formal,10196.0,36,Malo,1,2066.0,0,0.084,0
25,4234.0,14,Formal,11645.0,36,Bueno,0,5540.0,0,0.076,1
28,4413.0,22,Formal,4988.0,12,Bueno,3,1427.0,0,0.094,0
59,3631.0,26,Formal,6614.0,36,Malo,0,8.0,0,0.051,1
52,6609.0,12,Formal,5801.0,36,Regular,2,1033.0,0,0.024,0
42,3564.0,24,Informal,4939.0,48,Malo,5,2825.0,1,0.029,1
59,3886.0,21,Independiente,7892.0,36,Regular,3,5232.0,0,0.056,1
28,5877.0,27,Informal,10998.0,24,Bueno,5,6389.0,0,0.078,0
31,3430.0,22,Independiente,4506.0,24,Bueno,0,92.0,0,0.055,0
40,2512.0,16,Formal,4492.0,12,Malo,4,2675.0,1,0.149,1
65,4279.0,20,Formal,5014.0,48,Bueno,1,3714.0,0,0.024,0
51,2781.0,9,Independiente,9530.0,60,Regular,0,3987.0,0,0.057,1
62,2669.0,20,Formal,11601.0,36,Bueno,1,1233.0,0,0.121,1
33,1801.0,21,Independiente,5744.0,36,Bueno,5,2331.0,1,0.089,1
62,1887.0,18,Formal,1982.0,36,Regular,2,2146.0,0,0.029,0
24,1939.0,3,Independiente,3679.0,24,Malo,5,2174.0,0,0.079,1
32,7247.0,15,Formal,5546.0,24,Bueno,0,5290.0,0,0.032,0
46,1936.0,21,Formal,4163.0,24,Bueno,3,45.0,1,0.09,0
23,2755.0,5,Informal,3131.0,60,Bueno,2,931.0,0,0.019,0
63,3911.0,23,Formal,7166.0,12,Bueno,1,5943.0,0,0.153,0
63,5091.0,25,Formal,22848.0,36,Regular,3,5653.0,0,0.125,0
47,5285.0,16,Formal,3829.0,24,Bueno,3,5500.0,1,0.03,0
35,3037.0,28,Formal,7933.0,36,Bueno,0,2874.0,0,0.073,0
25,4206.0,25,Independiente,9277.0,24,Regular,3,582.0,1,0.092,0
51,3869.0,13,Informal,9689.0,60,Regular,1,2421.0,1,0.042,1
47,4118.0,26,Informal,6729.0,24,Bueno,4,4589.0,1,0.068,0
58,4319.0,27,Independiente,3229.0,60,Malo,1,976.0,1,0.012,0
50,4741.0,3,Independiente,10961.0,36,Bueno,1,7860.0,1,0.064,0
27,3288.0,29,Formal,2510.0,36,Bueno,5,430.0,0,0.021,0
26,6190.0,0,Informal,6341.0,48,Malo,1,7574.0,0,0.021,1
59,7641.0,14,Independiente,5978.0,36,Bueno,0,4143.0,1,0.022,0
28,3574.0,28,Formal,3393.0,12,Malo,3,5556.0,0,0.079,0
66,8612.0,21,Informal,5014.0,48,Regular,3,12817.0,0,0.012,1
26,3361.0,8,Independiente,9511.0,36,Malo,3,2016.0,0,0.079,1
56,4233.0,19,Formal,6339.0,36,Bueno,2,3521.0,0,0.042,0
68,3882.0,6,Independiente,2787.0,48,Bueno,0,6702.0,0,0.015,0
42,4172.0,7,Formal,10251.0,36,Malo,1,4565.0,0,0.068,1
23,5935.0,27,Formal,16743.0,24,Regular,0,64.0,0,0.118,1
63,3800.0,1,Formal,3032.0,24,Malo,5,5316.0,1,0.033,0
30,2628.0,28,Independiente,6641.0,24,Bueno,1,1709.0,0,0.105,0
46,3267.0,13,Formal,6780.0,36,Regular,3,1622.0,0,0.058,0
69,3804.0,1,Formal,2985.0,24,Bueno,1,5698.0,1,0.033,0
57,4371.0,23,Formal,13165.0,12,Bueno,3,7612.0,1,0.251,0
23,3042.0,1,Formal,6863.0,48,Bueno,0,340.0,0,0.047,0
61,3164.0,9,Independiente,11166.0,24,Regular,0,2223.0,1,0.147,0
28,4429.0,7,Formal,8208.0,24,Bueno,1,2230.0,0,0.077,1
57,4485.0,23,Formal,12899.0,48,Bueno,1,7248.0,1,0.06,0
51,5620.0,11,Formal,8142.0,48,Regular,1,8778.0,1,0.03,0
35,3252.0,19,Formal,5334.0,48,Malo,1,5275.0,1,0.034,1
41,4911.0,2,Formal,9116.0,24,Bueno,4,377.0,0,0.077,0
26,3884.0,20,Informal,4230.0,36,Regular,2,350.0,0,0.03,1
69,3421.0,21,Formal,9609.0,60,Malo,0,3395.0,0,0.047,1
32,3931.0,8,Formal,3824.0,24,Bueno,5,1181.0,1,0.041,0
36,4130.0,26,Formal,6511.0,12,Regular,3,838.0,0,0.131,1
45,2526.0,14,Independiente,5805.0,24,Malo,2,1184.0,1,0.096,1
53,2598.0,20,Formal,7825.0,48,Regular,3,3317.0,1,0.063,0
45,5157.0,5,Independiente,14045.0,24,Bueno,1,6235.0,1,0.113,0
45,3543.0,27,Independiente,4915.0,36,Regular,2,5007.0,0,0.039,0
49,4382.0,7,Formal,10780.0,36,Regular,0,495.0,0,0.068,1
63,5101.0,18,Formal,13130.0,60,Regular,4,7037.0,0,0.043,1
40,3939.0,2,Informal,10601.0,24,Bueno,2,3479.0,1,0.112,1
61,4944.0,1,Formal,7793.0,36,Bueno,4,2785.0,0,0.044,0
59,4140.0,3,Independiente,7576.0,60,Regular,0,4548.0,1,0.03,1
68,4210.0,28,Independiente,4740.0,24,Bueno,0,6059.0,1,0.047,0
65,6117.0,6,Formal,2537.0,36,Malo,2,1144.0,0,0.012,0
60,3785.0,26,Independiente,7002.0,12,Bueno,0,5500.0,0,0.154,0
33,5179.0,17,Formal,13752.0,24,Regular,5,5308.0,0,0.111,1
58,2361.0,2,Formal,14796.0,12,Bueno,0,2635.0,0,0.522,0
57,4325.0,13,Independiente,2863.0,24,Regular,3,6843.0,1,0.028,0
35,6695.0,14,Informal,14551.0,24,Malo,2,8556.0,0,0.091,1
54,8859.0,8,Formal,9349.0,48,Bueno,1,9305.0,0,0.022,1
33,2405.0,18,Independiente,8773.0,36,Bueno,0,1455.0,0,0.101,0
46,3536.0,25,Formal,13696.0,36,Malo,1,3248.0,1,0.108,0
60,2803.0,26,Independiente,11612.0,36,Regular,0,4221.0,1,0.115,0
30,3840.0,15,Formal,3786.0,60,Regular,3,6882.0,0,0.016,0
37,5487.0,26,Formal,4427.0,24,Bueno,1,7468.0,0,0.034,1
59,6199.0,27,Informal,2348.0,12,Malo,0,8817.0,0,0.032,1
43,6275.0,2,Independiente,8558.0,12,Regular,0,7900.0,0,0.114,0
68,2326.0,19,Formal,4058.0,48,Bueno,5,3211.0,0,0.036,0
21,4098.0,23,Informal,5224.0,48,Bueno,1,1794.0,0,0.027,0
56,3228.0,0,Formal,12813.0,36,Bueno,3,2463.0,1,0.11,1
60,3759.0,18,Independiente,9191.0,12,Regular,2,3762.0,0,0.204,0
65,3393.0,27,Independiente,9326.0,36,Regular,2,3356.0,0,0.076,0
28,2369.0,8,Informal,19901.0,36,Bueno,5,2547.0,0,0.233,1
69,6222.0,25,Formal,1028.0,24,Bueno,4,10903.0,1,0.007,0
40,3053.0,28,Independiente,4193.0,12,Bueno,3,4700.0,1,0.114,0
38,3250.0,19,Independiente,5786.0,24,Bueno,1,4843.0,0,0.074,1
38,6710.0,18,Formal,4358.0,36,Malo,5,10029.0,0,0.018,1
52,2217.0,16,Informal,11116.0,60,Regular,0,3166.0,0,0.084,0
53,4716.0,12,Formal,6180.0,24,Bueno,3,5766.0,1,0.055,0
44,5770.0,13,Formal,3545.0,60,Bueno,3,2664.0,0,0.01,0
24,6507.0,15,Independiente,8150.0,36,Bueno,5,10023.0,0,0.035,0
69,4598.0,14,Formal,8918.0,36,Regular,0,2315.0,0,0.054,1
31,5214.0,24,Informal,3723.0,48,Bueno,1,6803.0,0,0.015,0
25,5769.0,23,Formal,6354.0,36,Bueno,0,1152.0,0,0.031,0
50,3861.0,10,Formal,9035.0,12,Malo,1,3803.0,0,0.195,1
41,2897.0,15,Independiente,13208.0,24,Regular,5,1662.0,0,0.19,1
51,6903.0,6,Informal,4629.0,48,Regular,0,8753.0,0,0.014,1
63,5008.0,5,Independiente,9588.0,36,Bueno,4,7710.0,1,0.053,1
25,4096.0,11,Formal,5040.0,24,Bueno,5,114.0,1,0.051,0
34,2414.0,1,Formal,7326.0,36,Malo,0,497.0,0,0.084,0
46,1666.0,25,Independiente,3925.0,24,Regular,2,2775.0,1,0.098,1
59,4682.0,3,Informal,9428.0,24,Regular,5,2016.0,0,0.084,1
50,1627.0,9,Independiente,12006.0,48,Regular,4,2140.0,0,0.154,1
39,4080.0,7,Independiente,6514.0,36,Bueno,0,5967.0,0,0.044,0
50,3105.0,6,Formal,6049.0,24,Regular,5,4139.0,1,0.081,1
69,3390.0,11,Formal,5728.0,36,Bueno,4,196.0,0,0.047,0
44,6301.0,21,Formal,3307.0,60,Bueno,1,8341.0,1,0.009,0
64,3115.0,26,Formal,10458.0,24,Bueno,2,5392.0,0,0.14,0
59,4154.0,5,Formal,13025.0,24,Bueno,1,2758.0,1,0.131,0
35,3122.0,7,Independiente,4476.0,24,Bueno,3,3991.0,0,0.06,1
33,4523.0,14,Independiente,7883.0,12,Bueno,4,2251.0,0,0.145,1
58,4291.0,9,Formal,9288.0,12,Bueno,4,7704.0,0,0.18,1
31,4081.0,23,Informal,4989.0,12,Malo,5,1530.0,0,0.102,0
37,5776.0,6,Formal,14763.0,12,Malo,0,3177.0,0,0.213,1
32,2219.0,12,Independiente,7965.0,36,Bueno,5,671.0,0,0.1,1
50,2006.0,16,Independiente,2861.0,24,Bueno,5,3449.0,1,0.059,0
35,2573.0,11,Informal,12356.0,24,Regular,2,2647.0,1,0.2,1
53,4299.0,18,Informal,6661.0,48,Bueno,0,1911.0,1,0.032,0
66,4804.0,23,Independiente,5490.0,12,Regular,1,1163.0,1,0.095,0
61,1280.0,15,Formal,10029.0,24,Bueno,5,2016.0,0,0.326,0
67,4781.0,13,Independiente,5087.0,60,Regular,0,539.0,0,0.018,0
22,7358.0,28,Informal,14260.0,36,Bueno,0,8520.0,0,0.054,0
43,3568.0,29,Formal,12591.0,36,Regular,0,3918.0,1,0.098,0
31,6971.0,29,Independiente,15323.0,36,Bueno,1,9684.0,0,0.061,1
65,4653.0,0,Formal,19299.0,60,Bueno,4,5711.0,0,0.069,1
55,6659.0,25,Independiente,9210.0,12,Bueno,0,10026.0,1,0.115,0
36,6181.0,26,Formal,7013.0,12,Bueno,5,423.0,1,0.095,0
48,3569.0,24,Independiente,4971.0,48,Malo,2,2764.0,0,0.029,1
50,5496.0,22,Formal,9704.0,12,Bueno,3,801.0,0,0.147,0
45,3566.0,10,Formal,19010.0,36,Bueno,3,2601.0,0,0.148,0
44,7305.0,21,Formal,3321.0,12,Regular,4,7374.0,0,0.038,0
23,3691.0,17,Independiente,8339.0,24,Bueno,3,3945.0,0,0.094,0
43,4889.0,24,Informal,2836.0,36,Malo,0,8138.0,1,0.016,0
38,7834.0,10,Formal,2765.0,36,Regular,4,12997.0,0,0.01,1
61,4968.0,22,Formal,13259.0,36,Bueno,0,2770.0,1,0.074,0
63,3431.0,23,Independiente,12114.0,24,Regular,3,4317.0,1,0.147,0
57,2464.0,25,Independiente,4822.0,24,Regular,5,3161.0,0,0.082,1
22,2226.0,5,Formal,3680.0,48,Bueno,3,3835.0,1,0.034,0
62,4772.0,25,Independiente,15649.0,12,Regular,2,721.0,0,0.273,0
40,3930.0,6,Informal,3843.0,36,Bueno,1,4366.0,1,0.027,1
41,2591.0,28,Formal,3153.0,36,Bueno,4,1899.0,1,0.034,0
67,5275.0,1,Formal,3919.0,24,Regular,3,3298.0,0,0.031,1
63,5248.0,6,Formal,8820.0,24,Regular,4,5833.0,0,0.07,1
23,3904.0,18,Informal,20766.0,48,Regular,5,1964.0,1,0.111,1
38,6771.0,16,Informal,5016.0,24,Bueno,3,437.0,0,0.031,0
57,2075.0,20,Independiente,13167.0,12,Regular,2,2905.0,0,0.529,0
47,3480.0,12,Informal,7530.0,60,Bueno,3,544.0,1,0.036,1
33,4958.0,0,Formal,1993.0,12,Regular,2,2929.0,1,0.033,1
46,2701.0,18,Independiente,5107.0,48,Bueno,1,2892.0,0,0.039,1
63,5469.0,15,Independiente,12187.0,12,Bueno,2,6140.0,0,0.186,1
31,6067.0,15,Informal,11831.0,24,Bueno,2,7276.0,1,0.081,0
57,1459.0,11,Independiente,4683.0,36,Bueno,1,2612.0,1,0.089,0
57,6859.0,26,Formal,10428.0,12,Bueno,1,4956.0,0,0.127,0
64,4847.0,23,Formal,6581.0,48,Bueno,3,1200.0,1,0.028,0
35,3329.0,5,Formal,8633.0,24,Bueno,0,827.0,1,0.108,0
31,2297.0,1,Informal,13572.0,36,Bueno,0,2110.0,0,0.164,0
47,5743.0,5,Formal,4795.0,48,Bueno,4,3967.0,0,0.017,0
47,2541.0,1,Independiente,5638.0,36,Regular,5,4177.0,1,0.062,1
41,4844.0,21,Formal,13709.0,36,Malo,1,4455.0,1,0.079,0
59,2580.0,18,Formal,19577.0,24,Malo,0,2099.0,1,0.316,1
60,4046.0,13,Formal,11368.0,12,Malo,2,6280.0,0,0.234,1
33,5646.0,17,Independiente,8337.0,60,Malo,1,8091.0,0,0.025,0
59,3345.0,24,Formal,11311.0,36,Bueno,5,4298.0,1,0.094,0
32,6841.0,24,Formal,5091.0,36,Bueno,0,6494.0,0,0.021,0
40,5001.0,13,Formal,7287.0,36,Bueno,3,2112.0,0,0.04,0
22,2705.0,17,Informal,2746.0,24,Bueno,2,2763.0,1,0.042,1
37,2365.0,17,Independiente,5158.0,12,Regular,2,493.0,0,0.182,0
67,2981.0,28,Independiente,8931.0,24,Malo,4,2880.0,1,0.125,1
42,3974.0,22,Informal,7884.0,36,Regular,1,6091.0,0,0.055,1
55,7093.0,9,Independiente,1624.0,24,Malo,5,6575.0,0,0.01,1
26,7616.0,26,Independiente,6142.0,12,Regular,5,939.0,0,0.067,1
52,3298.0,11,Independiente,7795.0,36,Bueno,2,186.0,1,0.066,1
39,3259.0,22,Formal,7965.0,36,Bueno,2,5048.0,0,0.068,1
57,5314.0,29,Formal,3113.0,36,Malo,1,2145.0,0,0.016,0
66,5297.0,24,Informal,10538.0,48,Regular,4,5012.0,0,0.041,1
47,6417.0,3,Formal,18069.0,36,Bueno,4,8972.0,1,0.078,0
26,6483.0,6,Formal,11240.0,12,Bueno,2,2955.0,1,0.144,0
44,2903.0,23,Informal,7290.0,48,Regular,4,3853.0,0,0.052,0
27,2190.0,3,Formal,15855.0,36,Regular,2,297.0,0,0.201,1
43,5029.0,0,Independiente,5099.0,36,Bueno,4,6777.0,0,0.028,0
23,4384.0,7,Independiente,9794.0,48,Malo,4,505.0,0,0.047,1
52,1778.0,14,Formal,6855.0,12,Bueno,2,887.0,1,0.321,0
36,1878.0,3,Formal,15951.0,36,Malo,3,868.0,0,0.236,0
30,2171.0,4,Formal,4015.0,24,Regular,3,3483.0,0,0.077,1
21,4937.0,10,Independiente,4009.0,12,Regular,0,4750.0,0,0.068,1
64,3843.0,17,Informal,13882.0,36,Malo,0,5832.0,0,0.1,1
62,4980.0,16,Informal,9405.0,24,Regular,1,5220.0,0,0.079,1
60,2636.0,23,Formal,14501.0,12,Bueno,1,3829.0,1,0.458,0
23,5116.0,29,Formal,4247.0,36,Malo,1,5077.0,1,0.023,1
38,4588.0,0,Independiente,4721.0,24,Bueno,5,3716.0,1,0.043,0
68,5258.0,20,Independiente,8514.0,36,Bueno,3,6227.0,0,0.045,1
49,3386.0,4,Formal,2817.0,12,Regular,0,1746.0,0,0.069,1
27,3115.0,10,Formal,8184.0,36,Bueno,5,5151.0,0,0.073,0
27,2296.0,10,Formal,5587.0,36,Bueno,1,3753.0,1,0.068,0
33,3598.0,21,Formal,6832.0,36,Bueno,5,471.0,0,0.053,1
68,5967.0,7,Independiente,10503.0,48,Bueno,1,9847.0,0,0.037,0
29,6595.0,26,Informal,10803.0,60,Bueno,0,2159.0,0,0.027,1
65,2549.0,11,Formal,17574.0,12,Regular,0,3126.0,0,0.575,0
54,3973.0,24,Independiente,12736.0,24,Bueno,2,5886.0,1,0.134,1
66,7135.0,28,Formal,2029.0,48,Regular,5,3098.0,0,0.006,1
61,7514.0,15,Formal,4215.0,36,Bueno,3,1524.0,1,0.016,0
37,3543.0,3,Formal,4431.0,60,Bueno,0,4822.0,1,0.021,0
61,6170.0,21,Formal,12027.0,48,Bueno,1,4914.0,1,0.041,0
29,5766.0,12,Formal,16203.0,48,Bueno,2,5051.0,0,0.059,0
35,5586.0,10,Independiente,3372.0,12,Malo,3,7660.0,1,0.05,1
31,2055.0,13,Independiente,12196.0,24,Malo,5,939.0,1,0.247,0
27,3224.0,8,Independiente,7298.0,36,Bueno,0,564.0,0,0.063,1
25,3812.0,8,Independiente,6720.0,36,Bueno,0,6572.0,0,0.049,1
30,3771.0,29,Formal,5052.0,48,Regular,4,4749.0,0,0.028,1
26,3957.0,8,Formal,6191.0,60,Bueno,0,4645.0,0,0.026,1
39,7839.0,13,Formal,8207.0,24,Bueno,4,4698.0,0,0.044,0
24,3588.0,21,Formal,5402.0,36,Bueno,2,6431.0,1,0.042,0
24,4668.0,6,Formal,9146.0,48,Regular,2,1870.0,1,0.041,0
69,4606.0,18,Informal,6737.0,48,Bueno,0,1477.0,1,0.03,0
25,3975.0,26,Informal,6315.0,48,Malo,4,2277.0,0,0.033,1
24,2610.0,24,Independiente,10108.0,36,Bueno,1,3472.0,1,0.108,0
22,4176.0,0,Independiente,8648.0,60,Bueno,0,1782.0,0,0.035,1
27,1765.0,12,Independiente,1676.0,24,Malo,3,994.0,0,0.04,0
46,4844.0,0,Independiente,9366.0,12,Bueno,0,4618.0,0,0.161,0
61,1655.0,18,Independiente,8379.0,12,Bueno,1,1936.0,0,0.422,0
57,4680.0,9,Formal,13183.0,36,Bueno,1,1257.0,0,0.078,0
49,3160.0,26,Informal,8568.0,48,Regular,3,3724.0,1,0.056,1
25,2746.0,5,Independiente,5992.0,36,Regular,4,1883.0,0,0.061,0
58,5345.0,25,Formal,4939.0,36,Bueno,5,3330.0,1,0.026,0
22,3432.0,10,Independiente,2518.0,24,Bueno,5,488.0,0,0.031,0
51,4095.0,27,Independiente,7239.0,48,Bueno,1,7179.0,1,0.037,0
41,2082.0,5,Informal,4461.0,24,Bueno,1,2598.0,0,0.089,1
64,6785.0,8,Formal,14274.0,36,Bueno,1,1220.0,1,0.058,1
36,4245.0,10,Formal,7417.0,24,Bueno,1,2798.0,1,0.073,0
52,4241.0,29,Formal,3739.0,36,Bueno,0,611.0,0,0.024,0
42,6242.0,22,Formal,2114.0,36,Regular,3,6084.0,1,0.009,0
46,4884.0,24,Formal,2606.0,36,Regular,0,6155.0,1,0.015,0
67,1389.0,16,Formal,8937.0,36,Regular,0,141.0,0,0.179,1
55,7051.0,23,Formal,15171.0,60,Regular,2,11704.0,1,0.036,0
41,3539.0,18,Formal,9978.0,60,Bueno,4,2383.0,0,0.047,0
42,6886.0,20,Independiente,6821.0,24,Regular,2,2910.0,1,0.041,0
55,3492.0,25,Independiente,19789.0,12,Bueno,2,816.0,0,0.472,0
37,3195.0,29,Formal,11182.0,12,Regular,1,838.0,0,0.292,1
29,4758.0,17,Formal,8612.0,24,Bueno,4,7278.0,0,0.075,0
43,8464.0,13,Independiente,5897.0,24,Regular,1,7314.0,0,0.029,1
24,6167.0,19,Formal,15601.0,48,Malo,5,8863.0,0,0.053,1
29,4957.0,22,Independiente,6228.0,60,Bueno,0,2026.0,0,0.021,0
41,4730.0,29,Formal,4451.0,24,Bueno,4,2707.0,1,0.039,0
60,4161.0,20,Formal,6987.0,48,Malo,4,3090.0,0,0.035,1
59,6764.0,28,Informal,7795.0,48,Bueno,2,5534.0,0,0.024,0
33,5397.0,21,Formal,11717.0,24,Bueno,2,949.0,1,0.09,1
41,2277.0,28,Formal,4390.0,48,Bueno,5,184.0,1,0.04,0
28,2753.0,22,Formal,4881.0,60,Bueno,4,4935.0,1,0.03,0
58,5022.0,26,Independiente,5036.0,60,Bueno,0,6025.0,1,0.017,0
33,2571.0,5,Independiente,6778.0,48,Regular,3,253.0,1,0.055,0
60,4236.0,29,Independiente,3787.0,24,Regular,4,5891.0,0,0.037,0
62,5569.0,10,Informal,14179.0,24,Bueno,2,3620.0,0,0.106,1
54,4771.0,23,Formal,2623.0,60,Regular,4,6840.0,0,0.009,1
37,2419.0,11,Formal,15848.0,24,Regular,3,4136.0,1,0.273,1
67,2812.0,13,Informal,11081.0,36,Bueno,1,135.0,0,0.109,0
54,4828.0,22,Formal,4229.0,24,Regular,0,8380.0,0,0.036,1
52,8087.0,16,Informal,6466.0,36,Bueno,0,2413.0,0,0.022,1
62,3902.0,21,Independiente,4640.0,12,Bueno,4,2088.0,0,0.099,0
64,5643.0,2,Formal,11187.0,48,Regular,4,6368.0,0,0.041,1
24,4787.0,25,Informal,14947.0,36,Regular,2,6169.0,0,0.087,1
64,3147.0,12,Formal,29611.0,36,Malo,2,964.0,1,0.261,1
58,5668.0,23,Independiente,9626.0,24,Bueno,3,1396.0,0,0.071,0
31,2058.0,8,Formal,2668.0,36,Bueno,5,1061.0,0,0.036,1
36,5509.0,17,Independiente,4035.0,48,Bueno,3,3229.0,0,0.015,1
57,4898.0,17,Independiente,9359.0,60,Bueno,3,2806.0,0,0.032,0
31,3262.0,4,Formal,6627.0,48,Bueno,3,1006.0,1,0.042,0
43,2659.0,14,Informal,10995.0,36,Bueno,0,4646.0,1,0.115,1
54,3373.0,19,Formal,8699.0,48,Regular,4,4845.0,0,0.054,0
52,3056.0,25,Formal,4267.0,36,Bueno,5,5391.0,0,0.039,0
65,3662.0,26,Formal,6031.0,36,Bueno,0,683.0,1,0.046,0
26,3506.0,11,Independiente,11290.0,36,Bueno,0,477.0,0,0.089,0
35,3261.0,19,Formal,8977.0,24,Regular,2,3146.0,1,0.115,1
69,2025.0,5,Independiente,11064.0,36,Bueno,4,2240.0,0,0.152,1
48,2514.0,26,Independiente,3226.0,36,Bueno,0,2874.0,0,0.036,0
33,6012.0,26,Independiente,4447.0,24,Bueno,4,1009.0,0,0.031,0
35,3297.0,29,Informal,13616.0,48,Bueno,1,5008.0,0,0.086,0
37,3689.0,14,Informal,3305.0,24,Bueno,1,3252.0,1,0.037,0
48,3434.0,10,Formal,10701.0,36,Regular,1,2276.0,0,0.087,1
34,6825.0,22,Independiente,3075.0,48,Bueno,3,6197.0,0,0.009,0
51,3028.0,21,Formal,7726.0,12,Bueno,3,221.0,0,0.213,0
42,2946.0,6,Formal,5528.0,24,Bueno,2,1141.0,0,0.078,1
50,4940.0,16,Formal,4231.0,36,Bueno,3,8879.0,1,0.024,1
28,4361.0,19,Formal,8080.0,12,Malo,4,4337.0,0,0.154,1
51,4992.0,13,Independiente,13250.0,24,Regular,4,706.0,1,0.111,1
66,4873.0,11,Formal,4816.0,48,Bueno,4,2569.0,0,0.021,0
27,5724.0,7,Independiente,1854.0,12,Regular,3,1904.0,1,0.027,1
37,2395.0,12,Informal,6737.0,36,Bueno,1,3986.0,1,0.078,0
54,4761.0,7,Formal,4205.0,12,Bueno,4,6909.0,0,0.074,0
51,2953.0,9,Formal,11420.0,12,Bueno,4,2907.0,0,0.322,1
54,1798.0,5,Formal,5519.0,24,Regular,5,3080.0,0,0.128,1
48,4860.0,11,Formal,4922.0,60,Regular,4,3262.0,0,0.017,1
54,4754.0,18,Informal,5879.0,36,Bueno,0,7402.0,0,0.034,0
50,4033.0,11,Formal,13246.0,24,Regular,3,3394.0,0,0.137,0
24,5763.0,4,Formal,9229.0,36,Bueno,4,8803.0,1,0.044,0
57,2962.0,24,Formal,3840.0,36,Bueno,5,4802.0,1,0.036,1
42,5159.0,12,Formal,3223.0,36,Bueno,1,4299.0,0,0.017,0
23,3815.0,17,Independiente,15725.0,24,Bueno,5,1222.0,1,0.172,0
41,3926.0,15,Informal,4852.0,24,Bueno,1,1359.0,0,0.051,0
42,1897.0,15,Independiente,13466.0,36,Malo,2,986.0,0,0.197,1
25,5786.0,13,Formal,6580.0,36,Bueno,5,2322.0,0,0.032,1
69,4684.0,22,Independiente,4489.0,48,Bueno,0,3273.0,1,0.02,0
31,5084.0,25,Informal,4698.0,36,Bueno,1,4637.0,0,0.026,0
37,2808.0,27,Formal,6761.0,36,Bueno,5,440.0,0,0.067,1
42,4480.0,13,Independiente,1802.0,36,Bueno,5,7335.0,0,0.011,1
61,3812.0,10,Independiente,4578.0,36,Bueno,0,17.0,0,0.033,0
57,4777.0,2,Independiente,18891.0,36,Bueno,4,1189.0,0,0.11,1
58,4403.0,13,Formal,22001.0,24,Bueno,3,67.0,1,0.208,0
32,7341.0,29,Independiente,4864.0,60,Bueno,5,13036.0,1,0.011,0
62,6443.0,7,Independiente,10389.0,24,Regular,2,4762.0,0,0.067,0
61,3648.0,25,Independiente,9087.0,36,Malo,3,1287.0,1,0.069,1
43,4858.0,22,Formal,3502.0,36,Bueno,1,1038.0,1,0.02,0
47,3534.0,19,Formal,10488.0,48,Regular,3,2356.0,1,0.062,1
22,5704.0,16,Independiente,5801.0,12,Regular,2,10020.0,0,0.085,0
58,3872.0,22,Independiente,7546.0,48,Regular,2,3824.0,0,0.041,0
68,3352.0,2,Informal,11664.0,12,Regular,1,2137.0,0,0.29,1
44,4457.0,3,Formal,6031.0,12,Bueno,2,2925.0,1,0.113,1
47,6250.0,5,Formal,5992.0,48,Malo,1,1320.0,1,0.02,1
45,5872.0,22,Independiente,9855.0,24,Bueno,5,5465.0,1,0.07,0
25,3425.0,12,Independiente,13688.0,36,Bueno,2,2615.0,0,0.111,1
51,7086.0,6,Independiente,9545.0,36,Regular,2,9296.0,0,0.037,0
56,2871.0,1,Independiente,6163.0,60,Malo,5,992.0,1,0.036,1
66,3201.0,14,Formal,12889.0,48,Bueno,2,791.0,1,0.084,0
66,5613.0,11,Formal,8879.0,24,Malo,4,5875.0,1,0.066,1
45,1802.0,5,Formal,15317.0,48,Regular,5,2407.0,0,0.177,0
67,4099.0,0,Formal,17587.0,24,Regular,5,3671.0,0,0.179,1
46,3642.0,22,Independiente,9457.0,36,Regular,2,5179.0,0,0.072,1
52,7248.0,23,Formal,14718.0,48,Regular,3,10973.0,0,0.042,0
50,2677.0,7,Informal,14963.0,48,Bueno,4,4417.0,1,0.116,1
69,2788.0,14,Formal,6976.0,36,Regular,3,1898.0,0,0.07,0
57,7638.0,7,Independiente,14960.0,48,Bueno,1,12433.0,0,0.041,0
26,3658.0,12,Independiente,7747.0,36,Malo,3,4669.0,1,0.059,1
24,6157.0,3,Formal,11053.0,60,Regular,0,6926.0,0,0.03,1
41,3440.0,28,Independiente,7311.0,12,Regular,5,3429.0,0,0.177,0
46,3152.0,21,Informal,2892.0,24,Bueno,3,112.0,0,0.038,0
53,6274.0,27,Informal,20396.0,48,Bueno,1,6328.0,0,0.068,1
44,8365.0,8,Formal,10808.0,24,Bueno,2,11729.0,0,0.054,0
46,6459.0,26,Independiente,11345.0,36,Bueno,0,11491.0,1,0.049,0
66,3358.0,15,Formal,8182.0,48,Regular,4,2618.0,1,0.051,0
37,4032.0,5,Formal,14901.0,36,Malo,3,7186.0,0,0.103,0
45,2835.0,9,Formal,6885.0,24,Regular,0,873.0,1,0.101,0
48,3015.0,24,Informal,7152.0,24,Bueno,2,5200.0,0,0.099,0
43,2958.0,23,Independiente,3869.0,24,Malo,0,3140.0,0,0.054,1
68,3471.0,21,Formal,8668.0,24,Malo,2,4140.0,1,0.104,1
68,4273.0,6,Informal,14481.0,12,Regular,5,4412.0,0,0.282,0
46,1613.0,19,Independiente,6935.0,48,Bueno,3,2854.0,0,0.09,0
43,4093.0,28,Formal,3549.0,24,Regular,2,326.0,1,0.036,0
49,5307.0,1,Independiente,12824.0,48,Bueno,3,3921.0,0,0.05,0
29,4357.0,9,Independiente,9907.0,60,Bueno,3,6864.0,1,0.038,0
41,5117.0,2,Formal,19064.0,24,Regular,0,1539.0,0,0.155,0
31,5421.0,3,Formal,4703.0,60,Regular,1,5558.0,0,0.014,0
28,3380.0,29,Formal,10830.0,24,Bueno,4,3185.0,0,0.134,1
25,3842.0,7,Formal,3454.0,36,Malo,5,5584.0,0,0.025,1
49,11694.0,5,Informal,7429.0,60,Malo,0,19328.0,0,0.011,1
21,3276.0,2,Formal,8261.0,48,Regular,5,1526.0,0,0.053,0
52,5226.0,29,Formal,2696.0,24,Bueno,0,6520.0,1,0.021,0
42,2457.0,14,Informal,13895.0,24,Bueno,3,2422.0,1,0.236,0
38,5480.0,23,Informal,11827.0,24,Regular,4,6538.0,0,0.09,0
58,3077.0,7,Independiente,9907.0,60,Regular,1,1110.0,0,0.054,1
47,4148.0,19,Independiente,3596.0,24,Bueno,5,2036.0,1,0.036,0
56,2303.0,26,Informal,4982.0,36,Bueno,5,2279.0,0,0.06,1
55,3993.0,20,Independiente,12599.0,24,Bueno,2,21.0,0,0.131,0
22,4024.0,15,Formal,7387.0,24,Bueno,5,5189.0,1,0.076,0
31,3789.0,6,Formal,6553.0,36,Regular,0,1102.0,0,0.048,0
48,4794.0,7,Formal,14710.0,24,Bueno,3,8036.0,1,0.128,0
68,6069.0,17,Formal,8089.0,36,Bueno,1,9401.0,1,0.037,0
28,2783.0,13,Formal,3790.0,36,Bueno,3,3123.0,1,0.038,0
26,3823.0,1,Formal,12512.0,36,Malo,1,6132.0,0,0.091,0
67,2364.0,5,Formal,3493.0,36,Bueno,2,4201.0,1,0.041,0
68,1961.0,12,Independiente,7424.0,24,Bueno,4,2735.0,1,0.158,1
29,4336.0,5,Formal,8745.0,48,Regular,1,4891.0,0,0.042,0
40,2703.0,16,Formal,11062.0,36,Malo,5,2186.0,1,0.114,1
51,4079.0,9,Independiente,3013.0,36,Bueno,4,5973.0,0,0.021,0
30,4401.0,8,Formal,1620.0,24,Bueno,1,5580.0,0,0.015,0
36,2088.0,3,Formal,1660.0,12,Regular,4,1776.0,0,0.066,0
40,4651.0,15,Formal,15742.0,48,Bueno,1,4186.0,0,0.071,0
52,5957.0,5,Independiente,2702.0,48,Malo,3,2455.0,1,0.009,0
36,5046.0,18,Informal,18001.0,24,Regular,3,7163.0,0,0.149,1
41,2808.0,28,Formal,13269.0,24,Bueno,4,4439.0,0,0.197,0
35,3982.0,27,Informal,4205.0,24,Malo,2,118.0,1,0.044,1
58,4149.0,20,Informal,1989.0,36,Regular,2,836.0,0,0.013,1
28,3851.0,24,Informal,7753.0,24,Bueno,2,6871.0,0,0.084,1
32,2411.0,27,Informal,5454.0,60,Bueno,5,773.0,0,0.038,0
33,2976.0,20,Independiente,14846.0,12,Regular,5,3945.0,0,0.416,1
65,3723.0,7,Formal,8695.0,60,Malo,1,3222.0,1,0.039,0
67,4378.0,15,Formal,7473.0,12,Bueno,0,4108.0,0,0.142,0
45,3268.0,25,Formal,6574.0,24,Bueno,5,638.0,0,0.084,1
28,1480.0,20,Formal,11046.0,24,Malo,1,367.0,0,0.311,1
58,1878.0,10,Informal,7080.0,24,Bueno,1,1954.0,0,0.157,1
45,3344.0,5,Formal,20001.0,60,Bueno,0,2273.0,0,0.1,0
62,7336.0,4,Independiente,2640.0,36,Bueno,0,10530.0,0,0.01,1
38,4663.0,11,Informal,6168.0,12,Regular,0,8158.0,0,0.11,1
69,4331.0,24,Formal,10168.0,60,Regular,3,6333.0,0,0.039,0
60,2959.0,16,Formal,9425.0,24,Bueno,3,2162.0,1,0.133,0
31,3401.0,1,Formal,19970.0,12,Bueno,0,2952.0,0,0.489,0
56,1826.0,27,Formal,4755.0,12,Regular,3,515.0,0,0.217,1
35,2884.0,12,Formal,1172.0,36,Regular,1,3611.0,1,0.011,0
38,4575.0,11,Formal,12698.0,60,Bueno,3,3684.0,1,0.046,0
33,4343.0,24,Independiente,8461.0,12,Bueno,4,6703.0,0,0.162,0
54,3153.0,11,Formal,12761.0,48,Regular,2,3701.0,1,0.084,0
33,3849.0,18,Independiente,9165.0,24,Bueno,1,1182.0,0,0.099,1
52,4094.0,27,Formal,1480.0,24,Bueno,5,3029.0,0,0.015,0
49,3216.0,15,Formal,9499.0,48,Malo,4,3919.0,1,0.062,1
57,4764.0,18,Formal,4734.0,48,Malo,5,7357.0,0,0.021,1
69,4314.0,10,Independiente,6171.0,36,Bueno,0,2724.0,0,0.04,1
21,3448.0,26,Independiente,6941.0,24,Malo,1,4155.0,1,0.084,1
69,2471.0,2,Formal,3491.0,12,Regular,2,772.0,1,0.118,1
26,3355.0,8,Independiente,4635.0,48,Malo,1,5464.0,0,0.029,1
46,3272.0,29,Formal,11473.0,36,Malo,2,3388.0,1,0.097,0
37,3150.0,14,Informal,11463.0,36,Regular,1,4358.0,1,0.101,1
52,2121.0,5,Informal,2448.0,24,Bueno,2,1515.0,0,0.048,0
56,6562.0,12,Formal,8515.0,48,Bueno,4,11109.0,1,0.027,0
63,6438.0,7,Formal,12182.0,12,Bueno,2,8345.0,0,0.158,0
40,3798.0,15,Formal,8021.0,36,Bueno,4,1050.0,1,0.059,0
66,4370.0,7,Independiente,8800.0,36,Regular,2,4328.0,1,0.056,0
36,4733.0,11,Formal,2567.0,24,Bueno,2,2315.0,1,0.023,0
30,3820.0,27,Independiente,14529.0,36,Regular,1,5730.0,1,0.106,1
39,4486.0,2,Informal,3689.0,36,Malo,0,6321.0,0,0.023,1
46,4983.0,22,Formal,5981.0,36,Bueno,0,4436.0,0,0.033,0
53,4254.0,2,Informal,12245.0,60,Regular,1,2312.0,0,0.048,1
61,5311.0,13,Formal,17399.0,36,Regular,3,8152.0,0,0.091,0
32,3111.0,20,Informal,6279.0,12,Regular,0,4763.0,1,0.168,0
35,3981.0,28,Independiente,22766.0,24,Malo,2,3620.0,0,0.238,0
66,9977.0,7,Formal,8187.0,36,Bueno,0,12881.0,0,0.023,0
42,5774.0,1,Formal,7658.0,24,Bueno,2,2967.0,0,0.055,1
32,4290.0,22,Independiente,4028.0,48,Bueno,1,2694.0,0,0.02,0
69,2786.0,26,Independiente,6059.0,24,Bueno,1,4734.0,0,0.091,0
42,4056.0,16,Formal,8603.0,12,Bueno,3,5375.0,0,0.177,0
69,5628.0,1,Informal,10244.0,24,Regular,5,731.0,1,0.076,0
66,5191.0,15,Independiente,9973.0,48,Regular,3,4277.0,1,0.04,0
65,1935.0,11,Informal,5679.0,36,Bueno,1,1378.0,1,0.082,0
49,2150.0,13,Formal,15663.0,36,Bueno,5,894.0,0,0.202,1
60,2187.0,1,Formal,7807.0,24,Bueno,5,3917.0,1,0.149,0
68,4761.0,9,Formal,7512.0,60,Bueno,4,1164.0,1,0.026,1
34,2198.0,29,Formal,3856.0,48,Bueno,1,1243.0,0,0.037,0
22,2741.0,1,Formal,10840.0,24,Bueno,1,4187.0,0,0.165,0
36,3769.0,27,Formal,7263.0,48,Regular,5,897.0,1,0.04,0
52,5981.0,15,Independiente,6330.0,60,Malo,5,4049.0,1,0.018,0
47,4846.0,17,Formal,3129.0,24,Bueno,2,5532.0,0,0.027,0
24,3602.0,28,Formal,3213.0,24,Regular,2,2184.0,0,0.037,0
48,5368.0,6,Independiente,9126.0,36,Malo,3,3950.0,0,0.047,0
29,8172.0,29,Independiente,16957.0,36,Bueno,5,8092.0,1,0.058,1
45,4070.0,8,Independiente,6622.0,48,Bueno,1,6979.0,0,0.034,0
49,2418.0,10,Independiente,6596.0,36,Bueno,4,3791.0,0,0.076,0
52,2776.0,13,Formal,10916.0,24,Bueno,5,559.0,0,0.164,1
41,2767.0,18,Independiente,14236.0,24,Bueno,1,2836.0,0,0.214,1
41,3000.0,9,Independiente,5366.0,36,Regular,1,3528.0,0,0.05,1
54,3508.0,23,Formal,3895.0,12,Bueno,0,2057.0,0,0.093,1
57,4426.0,0,Formal,7149.0,24,Bueno,4,2105.0,1,0.067,0
60,2281.0,19,Informal,9894.0,12,Bueno,1,2454.0,0,0.361,1
37,2438.0,19,Formal,1666.0,48,Bueno,0,1821.0,0,0.014,1
41,4967.0,16,Formal,5819.0,12,Bueno,3,8092.0,1,0.098,0
37,3277.0,18,Formal,6729.0,12,Bueno,3,965.0,0,0.171,1
46,2876.0,22,Informal,6215.0,48,Bueno,0,213.0,1,0.045,0
27,3656.0,27,Independiente,2942.0,12,Bueno,4,5920.0,0,0.067,0
42,6377.0,6,Informal,5832.0,36,Regular,3,10286.0,0,0.025,1
30,5223.0,14,Informal,6794.0,24,Bueno,2,3918.0,1,0.054,0
47,5088.0,16,Independiente,4290.0,48,Regular,2,6904.0,0,0.018,0
62,7226.0,10,Formal,8640.0,24,Regular,3,11000.0,0,0.05,0
69,4504.0,29,Formal,11831.0,12,Bueno,4,2066.0,0,0.219,0
42,7486.0,15,Informal,12071.0,24,Bueno,4,8819.0,0,0.067,0
23,7723.0,17,Informal,4928.0,60,Regular,2,10247.0,0,0.011,1
32,2308.0,5,Informal,9787.0,48,Bueno,3,1485.0,1,0.088,0
26,2074.0,12,Informal,9326.0,24,Regular,1,3532.0,0,0.187,0
58,2699.0,18,Independiente,19061.0,24,Regular,1,4699.0,0,0.294,1
69,6132.0,12,Formal,9815.0,24,Bueno,5,5372.0,0,0.067,0
48,3684.0,23,Independiente,10151.0,24,Bueno,2,504.0,1,0.115,0
29,3515.0,4,Formal,13170.0,24,Regular,1,5814.0,0,0.156,1
22,5423.0,4,Formal,3402.0,48,Regular,4,5105.0,1,0.013,0
68,3216.0,10,Formal,7689.0,12,Bueno,4,804.0,0,0.199,0
36,4288.0,9,Formal,17550.0,48,Regular,1,5651.0,0,0.085,1
26,4966.0,24,Formal,17752.0,12,Bueno,1,6142.0,1,0.298,0
29,2791.0,26,Formal,5831.0,48,Malo,3,703.0,0,0.044,1
33,2555.0,14,Independiente,17285.0,36,Regular,5,1264.0,1,0.188,1
53,4061.0,15,Independiente,6346.0,12,Bueno,0,6318.0,1,0.13,0
64,4255.0,8,Independiente,8818.0,48,Bueno,1,7426.0,1,0.043,0
34,5264.0,15,Independiente,2650.0,24,Bueno,5,3840.0,0,0.021,0
54,2674.0,21,Formal,15264.0,48,Regular,4,648.0,1,0.119,1
24,3034.0,21,Formal,6163.0,48,Bueno,3,1922.0,0,0.042,0
21,7692.0,29,Independiente,3002.0,60,Bueno,2,7028.0,0,0.007,0
23,5725.0,17,Formal,6892.0,48,Regular,2,3096.0,1,0.025,0
66,3812.0,10,Independiente,1399.0,24,Bueno,1,4194.0,0,0.015,1
49,6074.0,2,Independiente,10650.0,36,Bueno,4,87.0,0,0.049,0
60,2678.0,20,Formal,13717.0,36,Regular,3,3936.0,0,0.142,1
22,3649.0,24,Informal,3969.0,24,Bueno,4,5548.0,1,0.045,0
22,1211.0,16,Formal,3880.0,36,Regular,5,1708.0,1,0.089,1
62,4242.0,27,Independiente,10220.0,24,Bueno,0,2317.0,0,0.1,0
26,3495.0,9,Informal,10923.0,36,Bueno,5,3978.0,1,0.087,0
28,3541.0,1,Independiente,5066.0,24,Bueno,1,2328.0,0,0.06,0
46,5163.0,18,Independiente,4303.0,12,Bueno,1,3618.0,1,0.069,0
50,5755.0,3,Independiente,12385.0,60,Malo,2,7346.0,0,0.036,0
32,3357.0,2,Formal,2818.0,48,Bueno,1,5097.0,1,0.017,0
42,2355.0,21,Independiente,5641.0,24,Bueno,2,3523.0,0,0.1,0
54,2175.0,13,Independiente,4236.0,12,Malo,4,905.0,0,0.162,0
42,1760.0,18,Formal,10133.0,48,Bueno,1,2085.0,1,0.12,0
39,7177.0,22,Formal,4442.0,24,Malo,3,3450.0,0,0.026,0
24,5172.0,11,Informal,13307.0,36,Bueno,2,5851.0,0,0.071,1
43,4745.0,18,Formal,5514.0,48,Bueno,1,3136.0,0,0.024,0
60,3195.0,16,Informal,9133.0,24,Bueno,0,4543.0,1,0.119,1
51,3188.0,17,Formal,4493.0,24,Bueno,5,5380.0,0,0.059,1
64,5828.0,21,Formal,8174.0,12,Malo,0,3042.0,1,0.117,0
27,2078.0,11,Independiente,4841.0,24,Malo,3,3250.0,1,0.097,0
21,3411.0,15,Independiente,3747.0,36,Regular,1,4543.0,1,0.031,1
47,6150.0,17,Formal,10888.0,24,Bueno,5,6266.0,0,0.074,0
29,3409.0,4,Formal,4417.0,60,Bueno,0,3221.0,1,0.022,0
50,5071.0,6,Formal,4466.0,48,Bueno,2,2915.0,1,0.018,0
65,3869.0,2,Independiente,7771.0,24,Bueno,3,1416.0,0,0.084,0
37,1334.0,5,Formal,8549.0,36,Bueno,5,200.0,1,0.178,0
47,3808.0,13,Independiente,3662.0,24,Bueno,0,4883.0,0,0.04,1
54,4092.0,28,Formal,9679.0,24,Bueno,4,1638.0,0,0.099,0
28,3698.0,27,Formal,4640.0,36,Regular,0,3297.0,0,0.035,0
64,2509.0,22,Formal,3105.0,12,Bueno,1,4019.0,1,0.103,0
30,3714.0,16,Formal,6104.0,24,Bueno,5,4486.0,0,0.068,1
60,1801.0,6,Independiente,6049.0,12,Bueno,2,549.0,1,0.28,0
53,3395.0,10,Informal,9234.0,24,Regular,3,4488.0,1,0.113,1
27,5225.0,22,Formal,19457.0,36,Regular,2,2021.0,1,0.103,1
56,7020.0,27,Formal,7694.0,60,Bueno,5,9855.0,0,0.018,0
30,6559.0,28,Informal,9952.0,36,Malo,0,917.0,0,0.042,1
50,2651.0,11,Formal,2604.0,60,Regular,5,676.0,1,0.016,0
68,2211.0,14,Formal,13656.0,36,Bueno,1,3718.0,1,0.172,1
67,4242.0,15,Independiente,6694.0,24,Bueno,3,2140.0,0,0.066,1
63,3992.0,1,Formal,3269.0,48,Malo,1,1082.0,1,0.017,1
45,4929.0,3,Formal,13368.0,12,Bueno,4,1907.0,0,0.226,0
48,3095.0,1,Informal,6862.0,12,Bueno,4,2012.0,1,0.185,0
35,4038.0,22,Independiente,12170.0,60,Bueno,0,6088.0,1,0.05,0
66,3957.0,6,Independiente,20632.0,36,Bueno,1,1086.0,0,0.145,0
44,3439.0,21,Formal,2782.0,60,Regular,4,98.0,0,0.013,0
58,2023.0,11,Formal,4524.0,12,Regular,3,3150.0,1,0.186,0
38,5196.0,23,Informal,10984.0,48,Regular,3,2803.0,1,0.044,1
57,4253.0,3,Informal,7133.0,24,Regular,2,589.0,0,0.07,1
31,5335.0,9,Informal,1481.0,24,Regular,4,267.0,0,0.012,0
56,5826.0,6,Formal,5714.0,48,Bueno,5,9434.0,0,0.02,0
23,3827.0,13,Informal,6264.0,36,Malo,0,3604.0,0,0.045,1
26,5209.0,16,Formal,6867.0,36,Bueno,4,5724.0,1,0.037,0
38,7086.0,5,Independiente,4425.0,48,Bueno,5,7858.0,1,0.013,0
44,7988.0,20,Independiente,15584.0,48,Malo,1,7508.0,1,0.041,1
55,4449.0,28,Formal,2606.0,12,Malo,2,6160.0,1,0.049,0
38,4581.0,1,Formal,8859.0,24,Bueno,3,7471.0,0,0.081,0
21,4420.0,2,Independiente,5100.0,60,Bueno,4,5100.0,1,0.019,0
36,4863.0,28,Informal,4881.0,36,Bueno,4,7387.0,0,0.028,0
42,5728.0,19,Formal,14443.0,36,Regular,5,99.0,1,0.07,0
47,4385.0,27,Formal,6070.0,12,Bueno,3,3790.0,0,0.115,0
52,7801.0,21,Independiente,8888.0,12,Bueno,5,8482.0,0,0.095,0
33,7354.0,21,Formal,11401.0,60,Bueno,3,2664.0,0,0.026,0
50,4088.0,4,Formal,7323.0,36,Malo,1,1180.0,1,0.05,1
51,4078.0,15,Formal,14555.0,48,Malo,4,1000.0,0,0.074,1
59,3342.0,10,Formal,3063.0,24,Malo,2,1713.0,0,0.038,1
46,4963.0,25,Formal,9197.0,24,Regular,3,7356.0,0,0.077,0
60,3554.0,1,Informal,19573.0,36,Bueno,3,177.0,0,0.153,0
31,3284.0,0,Informal,8760.0,48,Bueno,0,3561.0,1,0.056,0
55,4921.0,16,Independiente,2243.0,24,Bueno,3,604.0,0,0.019,1
23,2596.0,29,Formal,9381.0,24,Bueno,0,2772.0,0,0.151,1
26,5766.0,29,Independiente,15938.0,36,Regular,2,2618.0,1,0.077,0
63,4997.0,17,Formal,5758.0,12,Bueno,3,1415.0,1,0.096,0
44,7200.0,12,Independiente,5716.0,24,Malo,3,6037.0,1,0.033,1
51,4479.0,8,Formal,10736.0,36,Bueno,0,1863.0,0,0.067,1
50,5293.0,29,Independiente,9659.0,12,Bueno,5,3604.0,0,0.152,0
55,1523.0,5,Formal,7479.0,36,Regular,4,1735.0,0,0.136,0
33,5558.0,3,Informal,4618.0,12,Regular,1,9366.0,0,0.069,1
29,6354.0,15,Independiente,5390.0,48,Bueno,2,7066.0,1,0.018,0
23,4291.0,11,Formal,3823.0,48,Regular,0,3916.0,0,0.019,1
63,3333.0,14,Informal,2092.0,48,Regular,2,3342.0,1,0.013,0
31,4519.0,27,Formal,13662.0,36,Bueno,4,3840.0,0,0.084,1
49,5764.0,8,Formal,11065.0,36,Bueno,5,5839.0,0,0.053,0
43,6060.0,26,Independiente,10451.0,24,Malo,3,6219.0,0,0.072,1
28,2030.0,6,Independiente,10340.0,36,Bueno,1,1798.0,1,0.141,0
41,10636.0,9,Formal,6382.0,12,Bueno,5,15093.0,0,0.05,0
25,3290.0,0,Formal,5888.0,48,Bueno,3,2314.0,0,0.037,1
29,5328.0,20,Formal,3289.0,12,Bueno,4,1041.0,1,0.051,0
27,6635.0,25,Formal,11590.0,36,Malo,4,7680.0,0,0.049,1
61,3945.0,26,Formal,26023.0,36,Bueno,2,5653.0,0,0.183,1
48,6153.0,5,Formal,9153.0,36,Regular,0,8639.0,0,0.041,1
66,2023.0,23,Independiente,12532.0,24,Regular,3,918.0,1,0.258,0
42,1740.0,4,Independiente,12560.0,36,Bueno,5,2026.0,1,0.201,1
30,6242.0,18,Independiente,16520.0,36,Regular,5,11220.0,0,0.074,1
50,5943.0,21,Informal,4258.0,60,Malo,5,1119.0,0,0.012,0
66,4734.0,4,Formal,2635.0,36,Malo,2,4455.0,0,0.015,1
47,5771.0,3,Formal,8125.0,24,Regular,5,3172.0,1,0.059,0
21,7434.0,2,Formal,6730.0,48,Bueno,0,10588.0,0,0.019,1
35,6718.0,21,Formal,24770.0,12,Bueno,1,3927.0,0,0.307,0
66,4033.0,18,Independiente,3860.0,24,Bueno,3,5325.0,0,0.04,0
46,4503.0,3,Formal,19410.0,12,Regular,1,1301.0,1,0.359,1
67,3772.0,15,Independiente,6770.0,36,Bueno,0,455.0,0,0.05,1
45,3589.0,23,Informal,3582.0,36,Regular,1,673.0,0,0.028,1
21,5546.0,7,Formal,17408.0,36,Regular,5,2598.0,1,0.087,1
63,3757.0,18,Formal,4299.0,48,Bueno,2,5745.0,1,0.024,0
58,5541.0,8,Independiente,12576.0,36,Malo,1,1500.0,0,0.063,0
56,3943.0,7,Independiente,8261.0,24,Bueno,3,237.0,0,0.087,0
68,4164.0,11,Formal,19371.0,36,Bueno,2,6397.0,1,0.129,0
30,2952.0,10,Independiente,14115.0,48,Regular,2,1992.0,0,0.1,1
65,5485.0,14,Formal,6666.0,36,Bueno,5,5813.0,0,0.034,0
32,1977.0,6,Independiente,17459.0,36,Bueno,3,298.0,0,0.245,1
68,6334.0,11,Independiente,9809.0,36,Malo,0,10345.0,1,0.043,1
30,9009.0,18,Formal,7597.0,36,Malo,5,8180.0,0,0.023,1
47,4220.0,11,Formal,8158.0,24,Regular,0,680.0,0,0.081,0
59,4148.0,19,Independiente,12856.0,48,Bueno,4,4732.0,1,0.065,1
24,2226.0,3,Independiente,6467.0,24,Bueno,0,1465.0,1,0.121,0
24,3369.0,4,Informal,5418.0,12,Bueno,1,2143.0,0,0.134,1
62,5795.0,25,Independiente,4680.0,48,Bueno,5,4258.0,1,0.017,0
23,6116.0,13,Independiente,9081.0,48,Malo,1,5594.0,1,0.031,0
51,4424.0,18,Independiente,4884.0,36,Bueno,5,4932.0,0,0.031,0
66,5662.0,22,Independiente,12963.0,36,Regular,1,1492.0,0,0.064,1
51,2975.0,4,Formal,6374.0,60,Bueno,2,4040.0,1,0.036,1
44,4816.0,29,Formal,10248.0,24,Bueno,5,235.0,0,0.089,0
41,6969.0,12,Independiente,14568.0,36,Bueno,4,8771.0,0,0.058,0
52,5174.0,26,Formal,16794.0,36,Bueno,1,1707.0,0,0.09,0
49,7388.0,12,Formal,8548.0,36,Bueno,4,5942.0,0,0.032,0
45,7479.0,12,Formal,1917.0,36,Malo,2,7560.0,1,0.007,0
28,4935.0,18,Informal,1993.0,60,Regular,0,5751.0,0,0.007,1
53,1076.0,5,Independiente,12767.0,24,Regular,1,1532.0,0,0.494,1
57,6065.0,18,Informal,4116.0,12,Bueno,1,5635.0,0,0.057,0
55,2500.0,29,Informal,6199.0,36,Regular,2,3961.0,1,0.069,1
24,1388.0,19,Independiente,13844.0,36,Regular,5,2386.0,0,0.277,1
55,1870.0,2,Independiente,5461.0,48,Bueno,3,3285.0,1,0.061,0
56,6233.0,20,Formal,3296.0,60,Regular,0,3585.0,0,0.009,1
29,4950.0,1,Independiente,6320.0,36,Malo,3,287.0,1,0.035,1
62,4470.0,3,Informal,11400.0,60,Malo,3,5759.0,0,0.043,1
46,5133.0,8,Informal,5396.0,24,Malo,2,2327.0,1,0.044,1
44,1915.0,9,Formal,10520.0,24,Bueno,1,2646.0,0,0.229,0
56,3766.0,0,Independiente,3362.0,24,Bueno,4,34.0,0,0.037,0
45,3167.0,0,Formal,4594.0,48,Bueno,3,4430.0,1,0.03,0
47,4337.0,23,Formal,6375.0,24,Bueno,2,548.0,0,0.061,0
36,4397.0,13,Formal,14877.0,24,Bueno,1,6960.0,0,0.141,0
66,5048.0,5,Formal,5813.0,36,Bueno,0,5918.0,0,0.032,0
68,5344.0,12,Formal,5315.0,24,Regular,1,1556.0,0,0.041,0
27,1953.0,20,Independiente,5328.0,36,Bueno,3,1785.0,0,0.076,0
56,3786.0,22,Formal,10514.0,48,Regular,0,3443.0,0,0.058,1
22,4114.0,8,Informal,12031.0,12,Malo,0,6509.0,0,0.244,1
39,2473.0,5,Formal,14508.0,36,Bueno,5,2370.0,0,0.163,0
68,2374.0,28,Formal,21098.0,12,Bueno,1,2352.0,1,0.741,0
29,1874.0,18,Formal,9116.0,24,Regular,0,1076.0,0,0.203,0
39,2246.0,29,Formal,4924.0,24,Bueno,5,2945.0,0,0.091,0
31,5649.0,9,Formal,6908.0,36,Bueno,2,511.0,1,0.034,1
56,2079.0,3,Formal,4247.0,36,Malo,0,3622.0,0,0.057,1
43,2214.0,11,Independiente,8180.0,36,Bueno,2,2416.0,1,0.103,0
50,4268.0,9,Formal,4689.0,48,Regular,0,6497.0,0,0.023,1
67,4808.0,21,Independiente,14459.0,24,Malo,1,6760.0,0,0.125,1
46,4065.0,21,Formal,8715.0,48,Bueno,5,1596.0,0,0.045,0
56,2660.0,2,Formal,17059.0,36,Regular,4,1384.0,1,0.178,1
25,2394.0,17,Formal,11790.0,12,Bueno,2,1198.0,0,0.41,0
31,4223.0,10,Formal,11191.0,24,Bueno,2,1714.0,0,0.11,1
67,3893.0,18,Independiente,3280.0,12,Bueno,3,111.0,0,0.07,1
63,3515.0,11,Formal,10503.0,12,Regular,3,5232.0,1,0.249,0
53,5551.0,16,Independiente,20846.0,24,Regular,4,5374.0,0,0.156,0
39,3795.0,21,Informal,5917.0,24,Malo,3,4038.0,1,0.065,1
30,2313.0,8,Formal,13240.0,60,Regular,0,2047.0,0,0.095,1
62,3523.0,5,Informal,2715.0,48,Bueno,5,789.0,1,0.016,0
59,5018.0,21,Independiente,3872.0,36,Regular,2,3939.0,1,0.021,1
32,3707.0,28,Independiente,7192.0,48,Bueno,4,1959.0,1,0.04,0
49,4983.0,13,Informal,5368.0,60,Regular,4,8001.0,0,0.018,1
51,5365.0,29,Formal,4646.0,36,Bueno,1,6772.0,0,0.024,0
44,3800.0,5,Independiente,5384.0,36,Regular,3,1113.0,0,0.039,0
66,4058.0,24,Formal,9860.0,36,Malo,4,5127.0,0,0.067,1
27,3616.0,29,Independiente,13330.0,60,Bueno,2,3569.0,1,0.061,0
33,5026.0,8,Formal,10332.0,48,Bueno,4,739.0,1,0.043,0
25,3573.0,4,Formal,10669.0,12,Bueno,3,447.0,1,0.249,0
54,4836.0,19,Informal,7374.0,48,Bueno,5,1283.0,0,0.032,0
52,4425.0,26,Formal,3805.0,24,Bueno,5,6456.0,0,0.036,0
69,1865.0,2,Formal,7040.0,24,Regular,5,2786.0,1,0.157,0
47,4938.0,19,Formal,8300.0,36,Bueno,1,5406.0,1,0.047,0
28,4268.0,26,Independiente,13661.0,36,Bueno,4,120.0,0,0.089,0
43,6434.0,0,Formal,18559.0,24,Regular,4,3673.0,0,0.12,1
25,2518.0,15,Formal,9399.0,24,Regular,2,1817.0,0,0.156,1
53,4453.0,2,Informal,12887.0,48,Bueno,1,2279.0,1,0.06,0
54,3379.0,5,Formal,1684.0,24,Malo,1,3535.0,1,0.021,1
63,1947.0,14,Formal,6311.0,48,Malo,3,218.0,1,0.068,1
37,1723.0,9,Independiente,7354.0,36,Malo,5,62.0,0,0.119,1
36,6944.0,2,Formal,10183.0,36,Bueno,5,7348.0,0,0.041,0
24,4458.0,24,Formal,18805.0,12,Bueno,5,2123.0,1,0.352,1
41,3751.0,6,Independiente,9083.0,60,Bueno,5,4635.0,0,0.04,1
44,2156.0,26,Independiente,2493.0,60,Malo,0,3018.0,1,0.019,0
57,6780.0,5,Formal,10740.0,24,Malo,5,7457.0,1,0.066,0
57,3042.0,15,Independiente,6040.0,36,Regular,3,5419.0,1,0.055,1
27,4539.0,21,Informal,10159.0,48,Bueno,0,5253.0,1,0.047,0
34,4204.0,14,Independiente,11237.0,12,Bueno,0,5848.0,0,0.223,1
46,8028.0,12,Independiente,2384.0,36,Regular,1,9263.0,1,0.008,1
37,4020.0,22,Informal,7129.0,48,Bueno,1,5828.0,1,0.037,0
22,3297.0,0,Formal,7285.0,36,Bueno,0,2318.0,0,0.061,0
62,4484.0,24,Independiente,9019.0,60,Regular,2,3506.0,1,0.034,0
56,4671.0,20,Formal,4865.0,12,Regular,3,2818.0,1,0.087,0
46,10239.0,22,Formal,4071.0,60,Bueno,1,10625.0,1,0.007,0
